0,JAMES
1,JOHN
2,ROBERT
3,MICHAEL
4,MARY
5,WILLIAM
6,DAVID
7,RICHARD
8,CHARLES
9,JOSEPH
10,THOMAS
11,PATRICIA
12,CHRISTOPHER
13,LINDA
14,BARBARA
15,DANIEL
16,PAUL
17,MARK
18,ELIZABETH
19,DONALD
20,JENNIFER
21,GEORGE
22,MARIA
23,KENNETH
24,SUSAN
25,STEVEN
26,EDWARD
27,MARGARET
28,BRIAN
29,RONALD
30,DOROTHY
31,ANTHONY
32,LISA
33,KEVIN
34,NANCY
35,KAREN
36,BETTY
37,HELEN
38,JASON
39,MATTHEW
40,GARY
41,TIMOTHY
42,SANDRA
43,JOSE
44,LARRY
45,JEFFREY
46,FRANK
47,DONNA
48,CAROL
49,RUTH
50,SCOTT
51,ERIC
52,STEPHEN
53,ANDREW
54,SHARON
55,MICHELLE
56,LAURA
57,SARAH
58,KIMBERLY
59,DEBORAH
60,JESSICA
61,RAYMOND
62,SHIRLEY
63,CYNTHIA
64,ANGELA
65,MELISSA
66,BRENDA
67,AMY
68,JERRY
69,GREGORY
70,ANNA
71,JOSHUA
72,VIRGINIA
73,REBECCA
74,KATHLEEN
75,DENNIS
76,PAMELA
77,MARTHA
78,DEBRA
79,AMANDA
80,WALTER
81,STEPHANIE
82,WILLIE
83,PATRICK
84,TERRY
85,CAROLYN
86,PETER
87,CHRISTINE
88,MARIE
89,JANET
90,FRANCES
91,CATHERINE
92,HAROLD
93,HENRY
94,DOUGLAS
95,JOYCE
96,ANN
97,DIANE
98,ALICE
99,JEAN
100,JULIE
101,CARL
102,KELLY
103,HEATHER
104,ARTHUR
105,TERESA
106,GLORIA
107,DORIS
108,RYAN
109,JOE
110,ROGER
111,EVELYN
112,JUAN
113,ASHLEY
114,JACK
115,CHERYL
116,ALBERT
117,JOAN
118,MILDRED
119,KATHERINE
120,JUSTIN
121,JONATHAN
122,GERALD
123,KEITH
124,SAMUEL
125,JUDITH
126,ROSE
127,JANICE
128,LAWRENCE
129,RALPH
130,NICOLE
131,JUDY
132,NICHOLAS
133,CHRISTINA
134,ROY
135,KATHY
136,THERESA
137,BENJAMIN
138,BEVERLY
139,DENISE
140,BRUCE
141,BRANDON
142,ADAM
143,TAMMY
144,IRENE
145,FRED
146,BILLY
147,HARRY
148,JANE
149,WAYNE
150,LOUIS
151,LORI
152,STEVE
153,TRACY
154,JEREMY
155,RACHEL
156,ANDREA
157,AARON
158,MARILYN
159,ROBIN
160,RANDY
161,LESLIE
162,KATHRYN
163,EUGENE
164,BOBBY
165,HOWARD
166,CARLOS
167,SARA
168,LOUISE
169,JACQUELINE
170,ANNE
171,WANDA
172,RUSSELL
173,SHAWN
174,VICTOR
175,JULIA
176,BONNIE
177,RUBY
178,CHRIS
179,TINA
180,LOIS
181,PHYLLIS
182,JAMIE
183,NORMA
184,MARTIN
185,PAULA
186,JESSE
187,DIANA
188,ANNIE
189,SHANNON
190,ERNEST
191,TODD
192,PHILLIP
193,LEE
194,LILLIAN
195,PEGGY
196,EMILY
197,CRYSTAL
198,KIM
199,CRAIG
200,CARMEN
201,GLADYS
202,CONNIE
203,RITA
204,ALAN
205,DAWN
206,FLORENCE
207,DALE
208,SEAN
209,FRANCIS
210,JOHNNY
211,CLARENCE
212,PHILIP
213,EDNA
214,TIFFANY
215,TONY
216,ROSA
217,JIMMY
218,EARL
219,CINDY
220,ANTONIO
221,LUIS
222,MIKE
223,DANNY
224,BRYAN
225,GRACE
226,STANLEY
227,LEONARD
228,WENDY
229,NATHAN
230,MANUEL
231,CURTIS
232,VICTORIA
233,RODNEY
234,NORMAN
235,EDITH
236,SHERRY
237,SYLVIA
238,JOSEPHINE
239,ALLEN
240,THELMA
241,SHEILA
242,ETHEL
243,MARJORIE
244,LYNN
245,ELLEN
246,ELAINE
247,MARVIN
248,CARRIE
249,MARION
250,CHARLOTTE
251,VINCENT
252,GLENN
253,TRAVIS
254,MONICA
255,JEFFERY
256,JEFF
257,ESTHER
258,PAULINE
259,JACOB
260,EMMA
261,CHAD
262,KYLE
263,JUANITA
264,DANA
265,MELVIN
266,JESSIE
267,RHONDA
268,ANITA
269,ALFRED
270,HAZEL
271,AMBER
272,EVA
273,BRADLEY
274,RAY
275,JESUS
276,DEBBIE
277,HERBERT
278,EDDIE
279,JOEL
280,FREDERICK
281,APRIL
282,LUCILLE
283,CLARA
284,GAIL
285,JOANNE
286,ELEANOR
287,VALERIE
288,DANIELLE
289,ERIN
290,EDWIN
291,MEGAN
292,ALICIA
293,SUZANNE
294,MICHELE
295,DON
296,BERTHA
297,VERONICA
298,JILL
299,DARLENE
300,RICKY
301,LAUREN
302,GERALDINE
303,TROY
304,STACY
305,RANDALL
306,CATHY
307,JOANN
308,SALLY
309,LORRAINE
310,BARRY
311,ALEXANDER
312,REGINA
313,JACKIE
314,ERICA
315,BEATRICE
316,DOLORES
317,BERNICE
318,MARIO
319,BERNARD
320,AUDREY
321,YVONNE
322,FRANCISCO
323,MICHEAL
324,LEROY
325,JUNE
326,ANNETTE
327,SAMANTHA
328,MARCUS
329,THEODORE
330,OSCAR
331,CLIFFORD
332,MIGUEL
333,JAY
334,RENEE
335,ANA
336,VIVIAN
337,JIM
338,IDA
339,TOM
340,RONNIE
341,ROBERTA
342,HOLLY
343,BRITTANY
344,ANGEL
345,ALEX
346,MELANIE
347,JON
348,YOLANDA
349,TOMMY
350,LORETTA
351,JEANETTE
352,CALVIN
353,LAURIE
354,LEON
355,KATIE
356,STACEY
357,LLOYD
358,DEREK
359,BILL
360,VANESSA
361,SUE
362,KRISTEN
363,ALMA
364,WARREN
365,ELSIE
366,BETH
367,VICKI
368,JEANNE
369,JEROME
370,DARRELL
371,TARA
372,ROSEMARY
373,LEO
374,FLOYD
375,DEAN
376,CARLA
377,WESLEY
378,TERRI
379,EILEEN
380,COURTNEY
381,ALVIN
382,TIM
383,JORGE
384,GREG
385,GORDON
386,PEDRO
387,LUCY
388,GERTRUDE
389,DUSTIN
390,DERRICK
391,COREY
392,TONYA
393,DAN
394,ELLA
395,LEWIS
396,ZACHARY
397,WILMA
398,MAURICE
399,KRISTIN
400,GINA
401,VERNON
402,VERA
403,ROBERTO
404,NATALIE
405,CLYDE
406,AGNES
407,HERMAN
408,CHARLENE
409,CHARLIE
410,BESSIE
411,SHANE
412,DELORES
413,SAM
414,PEARL
415,MELINDA
416,HECTOR
417,GLEN
418,ARLENE
419,RICARDO
420,TAMARA
421,MAUREEN
422,LESTER
423,GENE
424,COLLEEN
425,ALLISON
426,TYLER
427,RICK
428,JOY
429,JOHNNIE
430,GEORGIA
431,CONSTANCE
432,RAMON
433,MARCIA
434,LILLIE
435,CLAUDIA
436,BRENT
437,TANYA
438,NELLIE
439,MINNIE
440,GILBERT
441,MARLENE
442,HEIDI
443,GLENDA
444,MARC
445,VIOLA
446,MARIAN
447,LYDIA
448,BILLIE
449,STELLA
450,GUADALUPE
451,CAROLINE
452,REGINALD
453,DORA
454,JO
455,CECIL
456,CASEY
457,BRETT
458,VICKIE
459,RUBEN
460,JAIME
461,RAFAEL
462,NATHANIEL
463,MATTIE
464,MILTON
465,EDGAR
466,RAUL
467,MAXINE
468,IRMA
469,MYRTLE
470,MARSHA
471,MABEL
472,CHESTER
473,BEN
474,ANDRE
475,ADRIAN
476,LENA
477,FRANKLIN
478,DUANE
479,CHRISTY
480,TRACEY
481,PATSY
482,GABRIEL
483,DEANNA
484,JIMMIE
485,HILDA
486,ELMER
487,CHRISTIAN
488,BOBBIE
489,GWENDOLYN
490,NORA
491,MITCHELL
492,JENNIE
493,BRAD
494,RON
495,ROLAND
496,NINA
497,MARGIE
498,LEAH
499,HARVEY
500,CORY
501,CASSANDRA
502,ARNOLD
503,PRISCILLA
504,PENNY
505,NAOMI
506,KAY
507,KARL
508,JARED
509,CAROLE
510,OLGA
511,JAN
512,BRANDY
513,LONNIE
514,LEONA
515,DIANNE
516,CLAUDE
517,SONIA
518,JORDAN
519,JENNY
520,FELICIA
521,ERIK
522,LINDSEY
523,KERRY
524,DARRYL
525,VELMA
526,NEIL
527,MIRIAM
528,BECKY
529,VIOLET
530,KRISTINA
531,JAVIER
532,FERNANDO
533,CODY
534,CLINTON
535,TYRONE
536,TONI
537,TED
538,RENE
539,MATHEW
540,LINDSAY
541,JULIO
542,DARREN
543,MISTY
544,MAE
545,LANCE
546,SHERRI
547,SHELLY
548,SANDY
549,RAMONA
550,PAT
551,KURT
552,JODY
553,DAISY
554,NELSON
555,KATRINA
556,ERIKA
557,CLAIRE
558,ALLAN
559,HUGH
560,GUY
561,CLAYTON
562,SHERYL
563,MAX
564,MARGARITA
565,GENEVA
566,DWAYNE
567,BELINDA
568,FELIX
569,FAYE
570,DWIGHT
571,CORA
572,ARMANDO
573,SABRINA
574,NATASHA
575,ISABEL
576,EVERETT
577,ADA
578,WALLACE
579,SIDNEY
580,MARGUERITE
581,IAN
582,HATTIE
583,HARRIET
584,ROSIE
585,MOLLY
586,KRISTI
587,KEN
588,JOANNA
589,IRIS
590,CECILIA
591,BRANDI
592,BOB
593,BLANCHE
594,JULIAN
595,EUNICE
596,ANGIE
597,ALFREDO
598,LYNDA
599,IVAN
600,INEZ
601,FREDDIE
602,DAVE
603,ALBERTO
604,MADELINE
605,DARYL
606,BYRON
607,AMELIA
608,ALBERTA
609,SONYA
610,PERRY
611,MORRIS
612,MONIQUE
613,MAGGIE
614,KRISTINE
615,KAYLA
616,JODI
617,JANIE
618,ISAAC
619,GENEVIEVE
620,CANDACE
621,YVETTE
622,WILLARD
623,WHITNEY
624,VIRGIL
625,ROSS
626,OPAL
627,MELODY
628,MARYANN
629,MARSHALL
630,FANNIE
631,CLIFTON
632,ALISON
633,SUSIE
634,SHELLEY
635,SERGIO
636,SALVADOR
637,OLIVIA
638,LUZ
639,KIRK
640,FLORA
641,ANDY
642,VERNA
643,TERRANCE
644,SETH
645,MAMIE
646,LULA
647,LOLA
648,KRISTY
649,KENT
650,BEULAH
651,ANTOINETTE
652,TERRENCE
653,GAYLE
654,EDUARDO
655,PAM
656,KELLI
657,JUANA
658,JOEY
659,JEANNETTE
660,ENRIQUE
661,DONNIE
662,CANDICE
663,WADE
664,HANNAH
665,FRANKIE
666,BRIDGET
667,AUSTIN
668,STUART
669,KARLA
670,EVAN
671,CELIA
672,VICKY
673,SHELIA
674,PATTY
675,NICK
676,LYNNE
677,LUTHER
678,LATOYA
679,FREDRICK
680,DELLA
681,ARTURO
682,ALEJANDRO
683,WENDELL
684,SHERI
685,MARIANNE
686,JULIUS
687,JEREMIAH
688,SHAUN
689,OTIS
690,KARA
691,JACQUELYN
692,ERMA
693,BLANCA
694,ANGELO
695,ALEXIS
696,TREVOR
697,ROXANNE
698,OLIVER
699,MYRA
700,MORGAN
701,LUKE
702,LETICIA
703,KRISTA
704,HOMER
705,GERARD
706,DOUG
707,CAMERON
708,SADIE
709,ROSALIE
710,ROBYN
711,KENNY
712,IRA
713,HUBERT
714,BROOKE
715,BETHANY
716,BERNADETTE
717,BENNIE
718,ANTONIA
719,ANGELICA
720,ALEXANDRA
721,ADRIENNE
722,TRACI
723,RACHAEL
724,NICHOLE
725,MURIEL
726,MATT
727,MABLE
728,LYLE
729,LAVERNE
730,KENDRA
731,JASMINE
732,ERNESTINE
733,CHELSEA
734,ALFONSO
735,REX
736,ORLANDO
737,OLLIE
738,NEAL
739,MARCELLA
740,LOREN
741,KRYSTAL
742,ERNESTO
743,ELENA
744,CARLTON
745,BLAKE
746,ANGELINA
747,WILBUR
748,TAYLOR
749,SHELBY
750,RUDY
751,RODERICK
752,PAULETTE
753,PABLO
754,OMAR
755,NOEL
756,NADINE
757,LORENZO
758,LORA
759,LEIGH
760,KARI
761,HORACE
762,GRANT
763,ESTELLE
764,DIANNA
765,WILLIS
766,ROSEMARIE
767,RICKEY
768,MONA
769,KELLEY
770,DOREEN
771,DESIREE
772,ABRAHAM
773,RUDOLPH
774,PRESTON
775,MALCOLM
776,KELVIN
777,JOHNATHAN
778,JANIS
779,HOPE
780,GINGER
781,FREDA
782,DAMON
783,CHRISTIE
784,CESAR
785,BETSY
786,ANDRES
787,WM
788,TOMMIE
789,TERI
790,ROBBIE
791,MEREDITH
792,MERCEDES
793,MARCO
794,LYNETTE
795,EULA
796,CRISTINA
797,ARCHIE
798,ALTON
799,SOPHIA
800,ROCHELLE
801,RANDOLPH
802,PETE
803,MERLE
804,MEGHAN
805,JONATHON
806,GRETCHEN
807,GERARDO
808,GEOFFREY
809,GARRY
810,FELIPE
811,ELOISE
812,ED
813,DOMINIC
814,DEVIN
815,CECELIA
816,CARROLL
817,RAQUEL
818,LUCAS
819,JANA
820,HENRIETTA
821,GWEN
822,GUILLERMO
823,EARNEST
824,DELBERT
825,COLIN
826,ALYSSA
827,TRICIA
828,TASHA
829,SPENCER
830,RODOLFO
831,OLIVE
832,MYRON
833,JENNA
834,EDMUND
835,CLEO
836,BENNY
837,SOPHIE
838,SONJA
839,SILVIA
840,SALVATORE
841,PATTI
842,MINDY
843,MAY
844,MANDY
845,LOWELL
846,LORENA
847,LILA
848,LANA
849,KELLIE
850,KATE
851,JEWEL
852,GREGG
853,GARRETT
854,ESSIE
855,ELVIRA
856,DELIA
857,DARLA
858,CEDRIC
859,WILSON
860,SYLVESTER
861,SHERMAN
862,SHARI
863,ROOSEVELT
864,MIRANDA
865,MARTY
866,MARTA
867,LUCIA
868,LORENE
869,LELA
870,JOSEFINA
871,JOHANNA
872,JERMAINE
873,JEANNIE
874,ISRAEL
875,FAITH
876,ELSA
877,DIXIE
878,CAMILLE
879,WINIFRED
880,WILBERT
881,TAMI
882,TABITHA
883,SHAWNA
884,RENA
885,ORA
886,NETTIE
887,MELBA
888,MARINA
889,LELAND
890,KRISTIE
891,FORREST
892,ELISA
893,EBONY
894,ALISHA
895,AIMEE
896,TAMMIE
897,SIMON
898,SHERRIE
899,SAMMY
900,RONDA
901,PATRICE
902,OWEN
903,MYRNA
904,MARLA
905,LATASHA
906,IRVING
907,DALLAS
908,CLARK
909,BRYANT
910,BONITA
911,AUBREY
912,ADDIE
913,WOODROW
914,STACIE
915,RUFUS
916,ROSARIO
917,REBEKAH
918,MARCOS
919,MACK
920,LUPE
921,LUCINDA
922,LOU
923,LEVI
924,LAURENCE
925,KRISTOPHER
926,JEWELL
927,JAKE
928,GUSTAVO
929,FRANCINE
930,ELLIS
931,DREW
932,DORTHY
933,DELORIS
934,CHERI
935,CELESTE
936,CARA
937,ADRIANA
938,ADELE
939,ABIGAIL
940,TRISHA
941,TRINA
942,TRACIE
943,SALLIE
944,REBA
945,ORVILLE
946,NIKKI
947,NICOLAS
948,MARISSA
949,LOURDES
950,LOTTIE
951,LIONEL
952,LENORA
953,LAUREL
954,KERRI
955,KELSEY
956,KARIN
957,JOSIE
958,JANELLE
959,ISMAEL
960,HELENE
961,GILBERTO
962,GALE
963,FRANCISCA
964,FERN
965,ETTA
966,ESTELLA
967,ELVA
968,EFFIE
969,DOMINIQUE
970,CORINNE
971,CLINT
972,BRITTNEY
973,AURORA
974,WILFRED
975,TOMAS
976,TOBY
977,SHELDON
978,SANTOS
979,MAUDE
980,LESLEY
981,JOSH
982,JENIFER
983,IVA
984,INGRID
985,INA
986,IGNACIO
987,HUGO
988,GOLDIE
989,EUGENIA
990,ERVIN
991,ERICK
992,ELISABETH
993,DEWEY
994,CHRISTA
995,CASSIE
996,CARY
997,CALEB
998,CAITLIN
999,BETTIE
1000,AL
1001,AIDA
1002,VAN
1003,THERESE
1004,TERENCE
1005,TAMIKA
1006,STEWART
1007,SANTIAGO
1008,ROSETTA
1009,ROGELIO
1010,RAMIRO
1011,POLLY
1012,NOAH
1013,LORNA
1014,LATONYA
1015,KRIS
1016,JANETTE
1017,ELIAS
1018,ELBERT
1019,DOYLE
1020,DINA
1021,DENA
1022,DEBORA
1023,DARREL
1024,DARNELL
1025,CONSUELO
1026,CONRAD
1027,CHERIE
1028,CAREY
1029,CANDY
1030,BERT
1031,ALONZO
1032,TRUDY
1033,TERRELL
1034,STEFANIE
1035,SHANNA
1036,ROLANDO
1037,PHIL
1038,PERCY
1039,PATRICA
1040,NELL
1041,LAMAR
1042,KIMBERLEY
1043,JILLIAN
1044,HELENA
1045,GRADY
1046,FAY
1047,ESPERANZA
1048,DOROTHEA
1049,DEXTER
1050,DEVON
1051,DEE
1052,CORNELIUS
1053,CLAY
1054,CAROLINA
1055,BRADFORD
1056,SUSANNE
1057,SAUL
1058,ROMAN
1059,RANDAL
1060,OLA
1061,MOSES
1062,MOLLIE
1063,MICKEY
1064,MARIBEL
1065,LOUIE
1066,KENDALL
1067,JANINE
1068,IRVIN
1069,DARIN
1070,AMOS
1071,ALISA
1072,WINSTON
1073,TIMMY
1074,SUSANA
1075,RACHELLE
1076,PETRA
1077,PAIGE
1078,MICAH
1079,MARLON
1080,LEOLA
1081,KEISHA
1082,JONI
1083,JOLENE
1084,JOCELYN
1085,JERALD
1086,ISABELLE
1087,IMOGENE
1088,GRACIELA
1089,ESTER
1090,EMMETT
1091,EMILIO
1092,EMIL
1093,EMANUEL
1094,ELISE
1095,ELIJAH
1096,EDMOND
1097,DOMINICK
1098,DOMINGO
1099,DARRIN
1100,DAPHNE
1101,CECILE
1102,BRENDAN
1103,BOYD
1104,BETTE
1105,ALTA
1106,ABEL
1107,WILL
1108,URSULA
1109,TRENT
1110,TONIA
1111,TEDDY
1112,STEPHAN
1113,SONDRA
1114,SHANA
1115,ROSALIND
1116,REYNALDO
1117,OTTO
1118,MAYRA
1119,MARISOL
1120,MARISA
1121,LOGAN
1122,LIZZIE
1123,LACEY
1124,KIRSTEN
1125,KERI
1126,JESS
1127,JAYNE
1128,JACLYN
1129,HUMBERTO
1130,GRACIE
1131,GLENNA
1132,GABRIELA
1133,EMMANUEL
1134,DEWAYNE
1135,DEMETRIUS
1136,CLARICE
1137,CHARITY
1138,CARMELA
1139,BRET
1140,BEATRIZ
1141,ADELINE
1142,YOUNG
1143,VICENTE
1144,SUMMER
1145,STACI
1146,SHEENA
1147,SHAUNA
1148,SAMMIE
1149,ROYCE
1150,RODGER
1151,MILLIE
1152,MILES
1153,MARGRET
1154,LUELLA
1155,LILY
1156,LEA
1157,LAMONT
1158,KATHARINE
1159,JUSTINE
1160,JODIE
1161,JEANINE
1162,HEATH
1163,HARLEY
1164,GARLAND
1165,GABRIELLE
1166,FRIEDA
1167,ETHAN
1168,ELMA
1169,ELDON
1170,EFRAIN
1171,CLAUDETTE
1172,CHRISTI
1173,CATHLEEN
1174,AUTUMN
1175,ANGELINE
1176,ANGELIA
1177,WINNIE
1178,WILLA
1179,SYBIL
1180,STERLING
1181,SOCORRO
1182,SELMA
1183,ROCKY
1184,PIERRE
1185,MAVIS
1186,MARTINA
1187,MARITZA
1188,MARGO
1189,MARCY
1190,MANUELA
1191,LUISA
1192,LUCILE
1193,LORIE
1194,LEANNE
1195,LARA
1196,LADONNA
1197,JUNIOR
1198,JEANNINE
1199,IVY
1200,GROVER
1201,GERRY
1202,FREDDY
1203,ELTON
1204,ELI
1205,DYLAN
1206,DOLLY
1207,DEANA
1208,DAMIAN
1209,CLEVELAND
1210,CHUCK
1211,CHASE
1212,CALLIE
1213,BRYCE
1214,BOBBI
1215,ANTOINE
1216,AILEEN
1217,ABBY
1218,VIRGIE
1219,SYDNEY
1220,STAN
1221,SIMONE
1222,RUSSEL
1223,REUBEN
1224,RANDI
1225,QUENTIN
1226,OFELIA
1227,MURRAY
1228,MONTE
1229,MEAGAN
1230,MATILDA
1231,MAGDALENA
1232,LEONARDO
1233,LEILA
1234,LEANN
1235,LATISHA
1236,KASEY
1237,JERI
1238,JASPER
1239,HANS
1240,GEORGINA
1241,ERWIN
1242,ERNIE
1243,ELIZA
1244,CURT
1245,CRUZ
1246,CORNELIA
1247,BRIDGETTE
1248,BLAINE
1249,BIANCA
1250,BETTYE
1251,BENITO
1252,BARBRA
1253,AUGUST
1254,AUDRA
1255,AGUSTIN
1256,WILFREDO
1257,VANCE
1258,VALARIE
1259,TYSON
1260,TIA
1261,TERRIE
1262,SON
1263,SHARRON
1264,RUTHIE
1265,ROSALYN
1266,RHODA
1267,RAE
1268,NOLA
1269,NELDA
1270,MINERVA
1271,MICHEL
1272,MIA
1273,LILLY
1274,LIDIA
1275,LETHA
1276,LENORE
1277,JOAQUIN
1278,JARROD
1279,JAMI
1280,JAMAL
1281,ILA
1282,HILARY
1283,HARRISON
1284,HARLAN
1285,HALEY
1286,GRETA
1287,GREGORIO
1288,FLOSSIE
1289,ESTELA
1290,ERICKA
1291,ELNORA
1292,ELLIOTT
1293,ELLIOT
1294,EARLINE
1295,DONA
1296,DESMOND
1297,DENIS
1298,DARWIN
1299,DAMIEN
1300,CORRINE
1301,CONCEPCION
1302,CLARISSA
1303,CHANDRA
1304,CATALINA
1305,BURTON
1306,BUDDY
1307,BRIANNA
1308,BRADY
1309,BERNADINE
1310,BART
1311,AVA
1312,ARIEL
1313,ALI
1314,ALEXANDRIA
1315,ADOLFO
1316,ADELA
1317,ZELMA
1318,YONG
1319,XAVIER
1320,WILLIAMS
1321,TANIA
1322,TAMEKA
1323,TABATHA
1324,SOLOMON
1325,SOFIA
1326,SERENA
1327,SCOTTY
1328,SAUNDRA
1329,ROSCOE
1330,RORY
1331,ROD
1332,ROB
1333,QUINTON
1334,PENELOPE
1335,PEARLIE
1336,ODESSA
1337,ODELL
1338,NOREEN
1339,NORBERT
1340,NOLAN
1341,NEVA
1342,NANNIE
1343,MOISES
1344,MILAGROS
1345,MELISA
1346,MARYLOU
1347,MARLIN
1348,MALINDA
1349,LORAINE
1350,LACY
1351,KERMIT
1352,KENDRICK
1353,KARINA
1354,JEANIE
1355,HILLARY
1356,HARRIETT
1357,HAL
1358,EVE
1359,ESTEBAN
1360,ESMERALDA
1361,EMILIA
1362,ELWOOD
1363,ELVIN
1364,DARIUS
1365,BRAIN
1366,BLAIR
1367,BENITA
1368,AVIS
1369,ASHLEE
1370,ANTON
1371,AMIE
1372,ALVA
1373,ALLYSON
1374,ALLIE
1375,THURMAN
1376,THADDEUS
1377,TANISHA
1378,SELENA
1379,RUSTY
1380,ROSALINDA
1381,RICKIE
1382,REGGIE
1383,RAPHAEL
1384,NOEMI
1385,NITA
1386,NED
1387,MONTY
1388,MASON
1389,MARCIE
1390,MARCEL
1391,MALLORY
1392,LOUISA
1393,LORRIE
1394,LIZA
1395,LILIA
1396,KATY
1397,JULIANNE
1398,JOESPH
1399,JERRI
1400,JEFFRY
1401,JACKSON
1402,GRAHAM
1403,GAY
1404,FIDEL
1405,FABIAN
1406,ELISHA
1407,ELINOR
1408,EARNESTINE
1409,EARLENE
1410,DARCY
1411,DANE
1412,CLIFF
1413,CLARE
1414,CARMELLA
1415,CARLENE
1416,BRYON
1417,AVERY
1418,ARMAND
1419,ANNABELLE
1420,ALVARO
1421,ALTHEA
1422,ALEJANDRA
1423,ALANA
1424,YESENIA
1425,WILEY
1426,VAUGHN
1427,VALERIA
1428,TY
1429,TRINIDAD
1430,TAMMI
1431,SUZETTE
1432,ROXIE
1433,ROSLYN
1434,RODRIGO
1435,ROCCO
1436,RIGOBERTO
1437,OPHELIA
1438,NUMBERS
1439,NORRIS
1440,NONA
1441,NOE
1442,NANETTE
1443,NADIA
1444,MITZI
1445,MILLARD
1446,MELVA
1447,MARYANNE
1448,MARICELA
1449,MARI
1450,MARGERY
1451,MADGE
1452,LUANN
1453,LOYD
1454,LINA
1455,LILIAN
1456,LAWANDA
1457,LAVONNE
1458,LAVERN
1459,LANE
1460,LAKISHA
1461,KIRBY
1462,KENYA
1463,KAYE
1464,KATHRINE
1465,KATHIE
1466,JULIANA
1467,IVORY
1468,ISAIAH
1469,ILENE
1470,HOLLIS
1471,GUS
1472,GONZALO
1473,GEORGETTE
1474,FRAN
1475,EVANGELINE
1476,EDWINA
1477,DOLLIE
1478,DION
1479,DIEGO
1480,DERICK
1481,DENNY
1482,DEANNE
1483,CORINE
1484,COLETTE
1485,CLAUDINE
1486,CLAIR
1487,CHRYSTAL
1488,CHONG
1489,CHARMAINE
1490,ALPHONSO
1491,ALISSA
1492,ALINE
1493,ADOLPH
1494,WENDI
1495,WARD
1496,VINCE
1497,VILMA
1498,VERN
1499,ULYSSES
1500,TRISTAN
1501,TESSA
1502,SUSANNA
1503,SHEREE
1504,SEBASTIAN
1505,SCOT
1506,SAVANNAH
1507,SASHA
1508,ROSELLA
1509,ROSEANN
1510,ROSANNE
1511,ROMEO
1512,RILEY
1513,REVA
1514,REED
1515,QUINCY
1516,NICKOLAS
1517,NATALIA
1518,MERRILL
1519,MAYNARD
1520,MAXWELL
1521,MAURICIO
1522,MARVA
1523,MARIETTA
1524,MARCI
1525,MADELYN
1526,LYNNETTE
1527,LILIANA
1528,LESSIE
1529,LEONOR
1530,LAKEISHA
1531,KATELYN
1532,JULIETTE
1533,JOSEFA
1534,JOHNIE
1535,JEFFERSON
1536,JAYSON
1537,JARVIS
1538,JANNA
1539,ISSAC
1540,IMELDA
1541,HIRAM
1542,HERIBERTO
1543,GENA
1544,GAVIN
1545,FEDERICO
1546,EMERY
1547,ELVIS
1548,ELVIA
1549,EDDY
1550,DUSTY
1551,DONOVAN
1552,DONNELL
1553,DEIRDRE
1554,DEIDRE
1555,DEENA
1556,DAVIS
1557,DANTE
1558,COY
1559,CORINA
1560,COLE
1561,COLBY
1562,CLEMENT
1563,CHASITY
1564,CARLY
1565,BRUNO
1566,BRIANA
1567,BERTA
1568,BERNIE
1569,BERNARDO
1570,BASIL
1571,AURELIA
1572,AUGUSTINE
1573,AUGUSTA
1574,ARLINE
1575,ARACELI
1576,ANASTASIA
1577,AMALIA
1578,ALYCE
1579,WINFRED
1580,WILDA
1581,WELDON
1582,VITO
1583,TWILA
1584,TRUMAN
1585,TRENTON
1586,TISHA
1587,TAMRA
1588,TAMERA
1589,STEVIE
1590,STEFAN
1591,SILAS
1592,SANFORD
1593,ROWENA
1594,ROSANNA
1595,RHEA
1596,REYNA
1597,QUEEN
1598,PHOEBE
1599,NESTOR
1600,MILLICENT
1601,MERLIN
1602,MAURA
1603,MARYELLEN
1604,MARQUITA
1605,MARIANA
1606,MARCELINO
1607,MARA
1608,MAI
1609,MADELEINE
1610,LOLITA
1611,LIZ
1612,LINWOOD
1613,LELIA
1614,LEANNA
1615,LAURI
1616,KURTIS
1617,KATINA
1618,KATHERYN
1619,KARYN
1620,KAITLIN
1621,JULIET
1622,JOHNATHON
1623,JANNIE
1624,JANELL
1625,JAME
1626,JACKLYN
1627,ISIDRO
1628,IRWIN
1629,INES
1630,HUNTER
1631,HOLLIE
1632,HESTER
1633,HELGA
1634,HARRIS
1635,HALLIE
1636,GILDA
1637,GALEN
1638,FREIDA
1639,FREDERIC
1640,FRANCESCA
1641,FLORINE
1642,FANNY
1643,EVANGELINA
1644,ERNA
1645,ENID
1646,DUDLEY
1647,DONNY
1648,DIONNE
1649,DICK
1650,DIANN
1651,DENVER
1652,DELMAR
1653,CONCETTA
1654,COLLIN
1655,COLEEN
1656,CHERRY
1657,CHARLEY
1658,CATHRYN
1659,CASANDRA
1660,CARTER
1661,CARROL
1662,CARMELO
1663,CARLO
1664,CARISSA
1665,BROCK
1666,BRITNEY
1667,BRIGITTE
1668,BRIDGETT
1669,BERYL
1670,BERTIE
1671,BEAU
1672,BARNEY
1673,AURELIO
1674,ART
1675,ANNMARIE
1676,ANGELITA
1677,ANGELIQUE
1678,AMPARO
1679,ALYSON
1680,ALFREDA
1681,ALBA
1682,AISHA
1683,ZELDA
1684,ZACHERY
1685,WILMER
1686,WILFORD
1687,VONDA
1688,TORI
1689,THERON
1690,TERRA
1691,SONNY
1692,SIERRA
1693,SHELTON
1694,SHARLENE
1695,SELINA
1696,SCOTTIE
1697,SANG
1698,ROSALIA
1699,ROCIO
1700,ROBBY
1701,RENAE
1702,REFUGIO
1703,RAYMUNDO
1704,PASQUALE
1705,PANSY
1706,PAMALA
1707,OCTAVIO
1708,OCTAVIA
1709,NOELLE
1710,NELLY
1711,NAN
1712,MONROE
1713,MONIKA
1714,MOHAMMAD
1715,MINA
1716,MICHELL
1717,MICHAELA
1718,MELLISA
1719,MARIANO
1720,MARGOT
1721,MA
1722,LOUELLA
1723,LINCOLN
1724,LIBBY
1725,LETITIA
1726,LETA
1727,LESA
1728,LEONEL
1729,LEEANN
1730,LATANYA
1731,LASHONDA
1732,LANDON
1733,LAKESHA
1734,KITTY
1735,KIMBERLEE
1736,KATHI
1737,KAITLYN
1738,JUSTINA
1739,JUDI
1740,JOSUE
1741,JASMIN
1742,JADE
1743,JACQUES
1744,ISABELLA
1745,HUNG
1746,HOUSTON
1747,HONG
1748,HERMINIA
1749,GUSSIE
1750,GERMAN
1751,GERMAINE
1752,GERI
1753,GENARO
1754,GAYLA
1755,FLETCHER
1756,FELECIA
1757,ERROL
1758,EMORY
1759,EMILIE
1760,EMERSON
1761,ELDA
1762,ELBA
1763,EDYTHE
1764,EDWARDO
1765,DORIAN
1766,DORETHA
1767,DIRK
1768,DESSIE
1769,DENICE
1770,DEIDRA
1771,DEANN
1772,DAYNA
1773,DAREN
1774,DANIAL
1775,DALTON
1776,CORTNEY
1777,CORNELL
1778,CHELSEY
1779,CELINA
1780,CARYN
1781,CARSON
1782,CAMILLA
1783,BUFORD
1784,BRANDIE
1785,BRANDEN
1786,BOOKER
1787,BEVERLEY
1788,BENNETT
1789,ASHLEIGH
1790,ARRON
1791,ANTONY
1792,ANTIONETTE
1793,ALLENE
1794,ADELAIDE
1795,ADAN
1796,ABBIE
1797,ZANE
1798,WINONA
1799,WILHELMINA
1800,WILBURN
1801,VIRGINA
1802,VIDA
1803,VERNICE
1804,VERDA
1805,VEDA
1806,VALENTIN
1807,TREVA
1808,TILLIE
1809,THEODORA
1810,THEO
1811,THANH
1812,THAD
1813,TESSIE
1814,TERESITA
1815,TERA
1816,TAWANA
1817,TARYN
1818,SUNG
1819,SUN
1820,SOLEDAD
1821,SHONDA
1822,SHIELA
1823,SHELLIE
1824,SEYMOUR
1825,RUSS
1826,ROSITA
1827,ROSALEE
1828,RONNY
1829,ROBBIN
1830,RICH
1831,RETHA
1832,REID
1833,REBECA
1834,RANDELL
1835,RACHEAL
1836,PORTIA
1837,PATTIE
1838,PARIS
1839,OMA
1840,NILDA
1841,MYLES
1842,MORTON
1843,MOHAMMED
1844,MITCHEL
1845,MINH
1846,MIGDALIA
1847,MERVIN
1848,MERRY
1849,MAURINE
1850,MAUDIE
1851,MARYJANE
1852,MARYBETH
1853,MARISELA
1854,MARILYNN
1855,MARIANNA
1856,MALISSA
1857,MAJOR
1858,LUCRETIA
1859,LUCIEN
1860,LUCIANO
1861,LONA
1862,LON
1863,LEORA
1864,LAZARO
1865,LATRICE
1866,LASHAWN
1867,KRYSTLE
1868,KENNITH
1869,KARRIE
1870,JONAS
1871,JENA
1872,JEANNA
1873,JARRETT
1874,JAQUELINE
1875,JANEL
1876,JAMEY
1877,JAMEL
1878,JACQULINE
1879,IVETTE
1880,IONA
1881,IOLA
1882,HORTENCIA
1883,HERSCHEL
1884,HANNA
1885,GUILLERMINA
1886,GRISELDA
1887,GIOVANNI
1888,GARTH
1889,FREEMAN
1890,FOREST
1891,FERDINAND
1892,FATIMA
1893,EZRA
1894,EUGENIO
1895,ERNESTINA
1896,ERICH
1897,ELOISA
1898,ELIDA
1899,ELIA
1900,ELEANORE
1901,DUNCAN
1902,DOTTIE
1903,DINAH
1904,DESTINY
1905,DEON
1906,DEMETRIA
1907,DELPHINE
1908,DELMA
1909,DELILAH
1910,DEBBY
1911,DARA
1912,DANNA
1913,DANIELA
1914,DANETTE
1915,CYRUS
1916,CYRIL
1917,CINDI
1918,CHUNG
1919,CHRISTIN
1920,CHRISTEN
1921,CHLOE
1922,CHI
1923,CHANTEL
1924,CHANCE
1925,CHADWICK
1926,CELESTINE
1927,CATRINA
1928,CARMINE
1929,CARI
1930,CAREN
1931,BROOKS
1932,BRITT
1933,BRIANNE
1934,BIRDIE
1935,BESS
1936,BERRY
1937,BELLE
1938,ATHENA
1939,ARNULFO
1940,ARLEEN
1941,ANDERSON
1942,ALPHONSE
1943,ALENE
1944,ALECIA
1945,ALDO
1946,AGATHA
1947,ADRIANNE
1948,ADELINA
1949,ABDUL
1950,ZOILA
1951,ZOE
1952,ZENAIDA
1953,ZELLA
1954,WYATT
1955,WILTON
1956,WESTON
1957,VESTA
1958,VERNELL
1959,VENUS
1960,VALENTINE
1961,VALENCIA
1962,VAL
1963,VADA
1964,UNA
1965,TREY
1966,TORY
1967,TOMASA
1968,TIFFANI
1969,TIARA
1970,TANNER
1971,TANA
1972,TAMELA
1973,SUZAN
1974,SOL
1975,SHAYLA
1976,SHANDA
1977,SANTA
1978,SANDI
1979,SAMATHA
1980,RUBIN
1981,ROYAL
1982,ROXANNA
1983,ROXANA
1984,ROSENDO
1985,ROSEANNE
1986,RODRICK
1987,RICO
1988,RETA
1989,RENITA
1990,REINALDO
1991,REINA
1992,RAFAELA
1993,QUINN
1994,PRICILLA
1995,PILAR
1996,PHILLIS
1997,PEARLINE
1998,PAULINA
1999,PARKER
2000,OSVALDO
2001,ORALIA
2002,OLIN
2003,NORMAND
2004,NORBERTO
2005,NIGEL
2006,NICKY
2007,NAPOLEON
2008,MITCH
2009,MISSY
2010,MIRNA
2011,MILFORD
2012,MICHAL
2013,MELODIE
2014,MELLISSA
2015,MAYME
2016,MAYA
2017,MATILDE
2018,MARQUIS
2019,MARJORY
2020,MARGE
2021,MARGARITO
2022,MARCELA
2023,MANDI
2024,MADONNA
2025,LYN
2026,LYMAN
2027,LURA
2028,LUCIO
2029,LORRI
2030,LETTIE
2031,LES
2032,LEOTA
2033,LEOPOLDO
2034,LEMUEL
2035,LAURETTA
2036,LARISSA
2037,LANNY
2038,KYLIE
2039,KRISTAL
2040,KISHA
2041,KIRA
2042,KIETH
2043,KERRIE
2044,KAREEM
2045,JUNG
2046,JULES
2047,JUDSON
2048,JOSIAH
2049,JOSEF
2050,JERROD
2051,JEROLD
2052,JAYME
2053,JARRED
2054,JAMAR
2055,JAMAAL
2056,JAE
2057,ISIAH
2058,ISABELL
2059,IONE
2060,INDIA
2061,HERSHEL
2062,HAYDEE
2063,HARRIETTE
2064,GISELA
2065,GINO
2066,GILLIAN
2067,GIL
2068,FRITZ
2069,FOSTER
2070,FLOR
2071,FILOMENA
2072,FELICITA
2073,FAUSTINO
2074,EVETTE
2075,EVERETTE
2076,ERLINDA
2077,EMILE
2078,ELYSE
2079,ELOY
2080,ELOUISE
2081,ELMO
2082,ELLIE
2083,ELISSA
2084,ELISEO
2085,EFREN
2086,EDGARDO
2087,EARLE
2088,DORRIS
2089,DONN
2090,DOMINGA
2091,DINO
2092,DEWITT
2093,DELOIS
2094,DEANDRE
2095,DANNIE
2096,DAMARIS
2097,DALIA
2098,CRISTY
2099,CORI
2100,COLEMAN
2101,CLAUDIO
2102,CHRISTOPER
2103,CHRISTAL
2104,CHARLA
2105,CHANG
2106,CATHRINE
2107,CATHARINE
2108,CARMELITA
2109,CARMEL
2110,CARIDAD
2111,CANDIDA
2112,BURT
2113,BRENTON
2114,BREANNA
2115,BRANT
2116,BORIS
2117,BETTINA
2118,BERNIECE
2119,BELVA
2120,BELLA
2121,BARTON
2122,BARB
2123,ARON
2124,ARETHA
2125,ANTWAN
2126,ANNETTA
2127,ANNEMARIE
2128,ALVINA
2129,ALINA
2130,ALFONZO
2131,ALEXA
2132,ALETHA
2133,ALEC
2134,ALDEN
2135,AHMAD
2136,ABE
2137,ZACHARIAH
2138,YADIRA
2139,WILLY
2140,WERNER
2141,WALKER
2142,WALDO
2143,VIVIANA
2144,VIOLETA
2145,VIKKI
2146,VERLA
2147,VENESSA
2148,VELDA
2149,VALORIE
2150,VALENTINA
2151,TYRON
2152,TYRELL
2153,TYREE
2154,TYRA
2155,TWYLA
2156,TRISTA
2157,TOSHA
2158,TONJA
2159,TOD
2160,TOBIAS
2161,TIANA
2162,THEDA
2163,THEA
2164,TEODORO
2165,TENA
2166,TATIANA
2167,TAD
2168,SUZANNA
2169,SUNNY
2170,STEPHENIE
2171,STEPHANY
2172,STANFORD
2173,STACIA
2174,SHELLI
2175,SHAYNE
2176,SHARYN
2177,SHARONDA
2178,SHANTEL
2179,SHANON
2180,SAL
2181,SABINA
2182,RUPERT
2183,ROXANN
2184,ROSELYN
2185,ROSALINA
2186,ROSALBA
2187,ROMONA
2188,ROMA
2189,ROLLAND
2190,ROBT
2191,RICHIE
2192,RICHELLE
2193,REYES
2194,RENATE
2195,RENATA
2196,RAVEN
2197,RALEIGH
2198,QUINTIN
2199,PRINCESS
2200,PRINCE
2201,PRECIOUS
2202,PORFIRIO
2203,PHILOMENA
2204,PERLA
2205,OTHA
2206,ORVAL
2207,OREN
2208,ONA
2209,OMER
2210,OLETA
2211,OLEN
2212,ODIS
2213,NOBLE
2214,NIKITA
2215,NIKI
2216,NICKI
2217,NEWTON
2218,NEREIDA
2219,NEDRA
2220,NATHALIE
2221,NAKIA
2222,MYRTIS
2223,MOZELLE
2224,MOSHE
2225,MOHAMED
2226,MISTI
2227,MIMI
2228,MILO
2229,MIKEL
2230,MICAELA
2231,MI
2232,MELVINA
2233,MEL
2234,MEI
2235,MCKINLEY
2236,MAXIMO
2237,MAURO
2238,MAUD
2239,MARLYS
2240,MARLYN
2241,MARLENA
2242,MARKUS
2243,MARIAM
2244,MARIAH
2245,MARCELO
2246,MARCELLE
2247,MAN
2248,MAJORIE
2249,MAGDA
2250,MAC
2251,LYNDON
2252,LUCILA
2253,LUANNE
2254,LOUANN
2255,LORINE
2256,LIZETTE
2257,LINDY
2258,LIA
2259,LEONORA
2260,LEONE
2261,LENNY
2262,LENARD
2263,LEILANI
2264,LAWERENCE
2265,LATRICIA
2266,LATONIA
2267,LAQUITA
2268,LAN
2269,KYLA
2270,KORY
2271,KIP
2272,KIA
2273,KEVEN
2274,KESHIA
2275,KESHA
2276,KENTON
2277,KEENAN
2278,KARON
2279,KAROL
2280,JULIANNA
2281,JULI
2282,JUDE
2283,JOVITA
2284,JOSETTE
2285,JONAH
2286,JOHNNA
2287,JOELLE
2288,JESICA
2289,JERROLD
2290,JEFFEREY
2291,JED
2292,JEANA
2293,JANNETTE
2294,JAMISON
2295,JACQUELIN
2296,JACQUE
2297,IVONNE
2298,ISAIAS
2299,IMA
2300,IDELLA
2301,HUEY
2302,HORACIO
2303,HIPOLITO
2304,HILTON
2305,HILDEGARD
2306,HILARIO
2307,HERLINDA
2308,HELLEN
2309,HAYLEY
2310,HASSAN
2311,HANK
2312,GREGORIA
2313,GIUSEPPE
2314,GINNY
2315,GERTIE
2316,GERRI
2317,GERALDO
2318,GEORGIANNA
2319,GEORGIANA
2320,GENOVEVA
2321,GAYE
2322,GARFIELD
2323,GABRIELLA
2324,FREDRIC
2325,FLOY
2326,FLORENCIO
2327,FERMIN
2328,FABIOLA
2329,EULALIA
2330,ENOCH
2331,EASTER
2332,DWAIN
2333,DULCE
2334,DOVIE
2335,DORTHA
2336,DORENE
2337,DORCAS
2338,DONTE
2339,DONG
2340,DILLON
2341,DEMARCUS
2342,DELMER
2343,DELFINA
2344,DEBRAH
2345,DEBI
2346,DARRICK
2347,DARLEEN
2348,DARIO
2349,DANITA
2350,DANELLE
2351,DAMION
2352,CRISTAL
2353,CORRIE
2354,CORDELIA
2355,COLUMBUS
2356,COLLETTE
2357,CLETUS
2358,CLEMENTINE
2359,CHIQUITA
2360,CHET
2361,CHAUNCEY
2362,CHASTITY
2363,CHARLINE
2364,CHARLEEN
2365,CHANTAL
2366,CHANEL
2367,CANDI
2368,BURL
2369,BUD
2370,BRICE
2371,BRENNA
2372,BRENDON
2373,BRADLY
2374,BO
2375,BERTRAM
2376,BELEN
2377,BARRETT
2378,AURA
2379,AUGUSTUS
2380,ASIA
2381,ARIANA
2382,ANTONETTE
2383,ANTONE
2384,ANNAMARIE
2385,ANISSA
2386,ANIBAL
2387,ANDRIA
2388,ANDRA
2389,AMADO
2390,ALPHA
2391,ALAINA
2392,AHMED
2393,ADELL
2394,ADALBERTO
2395,ABRAM
2396,ZORAIDA
2397,ZOLA
2398,ZACKARY
2399,ZACK
2400,YOSHIKO
2401,YOLONDA
2402,YASMIN
2403,XIOMARA
2404,WINNIFRED
2405,WINFORD
2406,WINDY
2407,WILLIAN
2408,WILBER
2409,WES
2410,WAYLON
2411,WARNER
2412,WALTON
2413,WALLY
2414,VON
2415,VIRGILIO
2416,VINCENZO
2417,VICKEY
2418,VERGIE
2419,VENITA
2420,TUAN
2421,TRESSA
2422,TRESA
2423,TRENA
2424,TOYA
2425,TONEY
2426,TOMEKA
2427,TITUS
2428,TIFFANIE
2429,TIERRA
2430,THUY
2431,TERESSA
2432,TERESE
2433,TEENA
2434,TAWNYA
2435,TAWANDA
2436,SUSANNAH
2437,STARR
2438,STARLA
2439,STANTON
2440,SOON
2441,SID
2442,SHON
2443,SHIRLENE
2444,SHERWOOD
2445,SHERRILL
2446,SHERITA
2447,SHERIE
2448,SHAYNA
2449,SHARLA
2450,SHARA
2451,SHANTE
2452,SHANTA
2453,SHAMIKA
2454,SHAMEKA
2455,SHALONDA
2456,SHAINA
2457,SHAD
2458,SCARLETT
2459,SANTO
2460,SANJUANITA
2461,SANJUANA
2462,SAMUAL
2463,SALINA
2464,RUTHANN
2465,RUEBEN
2466,RUDOLF
2467,RUBYE
2468,ROXANE
2469,ROSINA
2470,ROSEANNA
2471,RONA
2472,ROLF
2473,RHIANNON
2474,RHETT
2475,REY
2476,RENATO
2477,RENALDO
2478,RAYMON
2479,RAYFORD
2480,RASHAD
2481,PRUDENCE
2482,PORTER
2483,PHYLISS
2484,PHYLIS
2485,PHUONG
2486,PENNIE
2487,PEGGIE
2488,PALMER
2489,OSWALDO
2490,ORPHA
2491,OK
2492,NYDIA
2493,NOVELLA
2494,NOVA
2495,NILA
2496,NICOLA
2497,NEVILLE
2498,NENA
2499,NATIVIDAD
2500,NATHANIAL
2501,NATHANAEL
2502,NANNETTE
2503,NANCI
2504,MYRIAM
2505,MOSE
2506,MODESTO
2507,MITTIE
2508,MIRIAN
2509,MIREYA
2510,MIQUEL
2511,MILAN
2512,MICHALE
2513,META
2514,MELONY
2515,MELINA
2516,MEAGHAN
2517,MAYBELLE
2518,MAXIE
2519,MARYLIN
2520,MARVEL
2521,MARTI
2522,MARQUERITE
2523,MARNIE
2524,MARITA
2525,MARILEE
2526,MARIANN
2527,MARGARETTE
2528,MARCELLUS
2529,MARCELINA
2530,MARANDA
2531,MANUAL
2532,MALIK
2533,MALCOM
2534,MAGNOLIA
2535,MAGDALENE
2536,MACKENZIE
2537,LYNWOOD
2538,LYNDSEY
2539,LULU
2540,LUIGI
2541,LUCIUS
2542,LUCIE
2543,LOVIE
2544,LORENZA
2545,LONNY
2546,LONG
2547,LIZBETH
2548,LIZABETH
2549,LISSETTE
2550,LISETTE
2551,LISE
2552,LINO
2553,LINNIE
2554,LINNEA
2555,LIDA
2556,LEN
2557,LEISA
2558,LEIF
2559,LEATRICE
2560,LEANDRO
2561,LAVON
2562,LAVINA
2563,LAURETTE
2564,LAUREEN
2565,LATOSHA
2566,LASHANDA
2567,LAKESHIA
2568,LACIE
2569,KYUNG
2570,KYRA
2571,KYONG
2572,KRISTOFER
2573,KRAIG
2574,KORI
2575,KOREY
2576,KING
2577,KENETH
2578,KEELY
2579,KASSANDRA
2580,KAROLYN
2581,KARISSA
2582,KAMI
2583,KALA
2584,JOYCELYN
2585,JOSPEH
2586,JOSEPHINA
2587,JORDON
2588,JONNIE
2589,JOLEEN
2590,JOHNSON
2591,JOELLEN
2592,JOANIE
2593,JERRIE
2594,JERRELL
2595,JEROMY
2596,JERE
2597,JERAMY
2598,JENNI
2599,JENNETTE
2600,JENIFFER
2601,JENELLE
2602,JEANETTA
2603,JEANE
2604,JC
2605,JAROD
2606,JANINA
2607,JANEEN
2608,JAMILA
2609,JAIMIE
2610,JADA
2611,JACINTO
2612,ISREAL
2613,INGE
2614,ILSE
2615,ILEANA
2616,IKE
2617,HYMAN
2618,HOYT
2619,HOSEA
2620,HORTENSE
2621,HOLLI
2622,HOBERT
2623,HERMELINDA
2624,HERB
2625,HAYWOOD
2626,HAYDEN
2627,HARLAND
2628,HAILEY
2629,HAI
2630,GRANVILLE
2631,GRAIG
2632,GISELLE
2633,GERDA
2634,GEORGIE
2635,GAYLORD
2636,GASTON
2637,GARRET
2638,GARNET
2639,FRANKLYN
2640,FRANCESCO
2641,FLORIDA
2642,FLORENTINO
2643,FILIBERTO
2644,FELTON
2645,FELISHA
2646,FELIPA
2647,FELICITAS
2648,FAWN
2649,FAUSTO
2650,FARRAH
2651,EZEQUIEL
2652,EZEKIEL
2653,EVONNE
2654,EVIE
2655,EUSEBIO
2656,ERASMO
2657,ERA
2658,ENRIQUETA
2659,ENA
2660,EMMITT
2661,ELROY
2662,ELLSWORTH
2663,ELIZEBETH
2664,ELENOR
2665,ELDRIDGE
2666,ELDEN
2667,ELAINA
2668,EDMUNDO
2669,EDISON
2670,EDIE
2671,DOUGLASS
2672,DORSEY
2673,DORINDA
2674,DORI
2675,DONITA
2676,DOMENIC
2677,DIAN
2678,DESHAWN
2679,DEL
2680,DEANGELO
2681,DAWNA
2682,DARRON
2683,DARON
2684,DARIA
2685,DARELL
2686,DARCI
2687,DANILO
2688,DANIELLA
2689,CRISTOPHER
2690,CRISTOBAL
2691,CRISTINE
2692,CORTEZ
2693,CORINNA
2694,CORDELL
2695,CORAL
2696,COLTON
2697,CLEMENTE
2698,CLAUD
2699,CINTHIA
2700,CHRISSY
2701,CHERYLE
2702,CHERLY
2703,CHELSIE
2704,CHAS
2705,CHARISSE
2706,CHANDA
2707,CEDRICK
2708,CATINA
2709,CATHIE
2710,CARYL
2711,CAROLEE
2712,CARMAN
2713,CARLOTTA
2714,CARLEEN
2715,CARINA
2716,CANDELARIA
2717,CAITLYN
2718,BUSTER
2719,BUCK
2720,BROOK
2721,BRODERICK
2722,BRITTANI
2723,BRIGETTE
2724,BOYCE
2725,BONNY
2726,BLANCH
2727,BERNITA
2728,BENTON
2729,BENEDICT
2730,BAMBI
2731,ASTRID
2732,ASHTON
2733,ASA
2734,ARTIE
2735,ARNOLDO
2736,ARMIDA
2737,ARLIE
2738,ARLEN
2739,ARDITH
2740,ARDIS
2741,ARDEN
2742,ARACELY
2743,ANTIONE
2744,ANH
2745,ANDREAS
2746,ANABEL
2747,AMI
2748,AMBROSE
2749,ALTAGRACIA
2750,ALONSO
2751,ALETA
2752,ALESIA
2753,ALESHA
2754,ALDA
2755,ALBINA
2756,ALANNA
2757,ADRIANNA
2758,ADRIANE
2759,ADELAIDA
2760,ABBEY
2761,ZULMA
2762,ZULA
2763,ZORA
2764,ZONA
2765,ZINA
2766,ZENOBIA
2767,ZENA
2768,ZANDRA
2769,ZAIDA
2770,YU
2771,YOKO
2772,YETTA
2773,WYNONA
2774,WILLENE
2775,WANITA
2776,VONNIE
2777,VIVA
2778,VITA
2779,VINA
2780,VICENTA
2781,VERONA
2782,VERNITA
2783,VERNIE
2784,VELVA
2785,VELIA
2786,TRISH
2787,TRESSIE
2788,TRACEE
2789,TIFFINY
2790,THOMASINA
2791,THERSA
2792,TESS
2793,TEODORA
2794,TENISHA
2795,TAWANNA
2796,TARSHA
2797,TANIKA
2798,TANGELA
2799,TANESHA
2800,TAMIKO
2801,TAMIE
2802,TAMATHA
2803,TAMAR
2804,TALIA
2805,SYBLE
2806,SUZY
2807,SUZIE
2808,SUSANN
2809,SUNSHINE
2810,SU
2811,STORMY
2812,STEPHINE
2813,STEPHANI
2814,STEPHAINE
2815,STEFANI
2816,STAR
2817,SIOBHAN
2818,SIMONA
2819,SIGRID
2820,SIBYL
2821,SHIRLY
2822,SHIRLEE
2823,SHERRYL
2824,SHERRON
2825,SHERON
2826,SHERILYN
2827,SHENA
2828,SHAY
2829,SHAWANDA
2830,SHASTA
2831,SHAREN
2832,SHAREE
2833,SHANTELL
2834,SHANNAN
2835,SHANITA
2836,SHANIKA
2837,SHANI
2838,SHANELL
2839,SHANDRA
2840,SARITA
2841,SADE
2842,SABRA
2843,SABINE
2844,RUFINA
2845,ROSAURA
2846,ROSARIA
2847,ROSALVA
2848,ROSALINE
2849,RONNA
2850,ROMANA
2851,ROLANDA
2852,RINA
2853,RENEA
2854,REGAN
2855,RASHIDA
2856,RANDA
2857,RACQUEL
2858,PINKIE
2859,PAOLA
2860,PALMA
2861,PAGE
2862,OUIDA
2863,OTILIA
2864,OLIVA
2865,ODETTE
2866,OCIE
2867,NORINE
2868,NORENE
2869,NOELIA
2870,NINFA
2871,NILSA
2872,NIDIA
2873,NICOLETTE
2874,NICOLASA
2875,NICHOL
2876,NICHELLE
2877,NIA
2878,NELLE
2879,NELLA
2880,NELIDA
2881,NAKISHA
2882,NADA
2883,MYRTICE
2884,MYONG
2885,MY
2886,MOZELL
2887,MOIRA
2888,MODESTA
2889,MIRTA
2890,MIRA
2891,MINDI
2892,MILISSA
2893,MICKIE
2894,MERYL
2895,MERCY
2896,MELONIE
2897,MEG
2898,MEE
2899,MECHELLE
2900,MAZIE
2901,MATHILDA
2902,MARYLYN
2903,MARYLEE
2904,MARYJO
2905,MARTINE
2906,MARRY
2907,MARLO
2908,MARILOU
2909,MARIELA
2910,MARIBETH
2911,MARGARETE
2912,MALIA
2913,MAIRA
2914,MAEGAN
2915,MADISON
2916,MACHELLE
2917,LYNDSAY
2918,LYLA
2919,LYDA
2920,LUPITA
2921,LUE
2922,LUCIENNE
2923,LUCIANA
2924,LUANA
2925,LU
2926,LORRETTA
2927,LORINDA
2928,LORELEI
2929,LOREEN
2930,LITA
2931,LISSA
2932,LINSEY
2933,LINH
2934,LINETTE
2935,LIN
2936,LIANE
2937,LIANA
2938,LI
2939,LESLI
2940,LESLEE
2941,LENNIE
2942,LEESA
2943,LEDA
2944,LEATHA
2945,LEANDRA
2946,LAVONDA
2947,LAVINIA
2948,LAVADA
2949,LAURENE
2950,LARUE
2951,LANITA
2952,LANI
2953,LANETTE
2954,LAI
2955,LACI
2956,KYLEE
2957,KUM
2958,KRYSTYNA
2959,KRISTYN
2960,KRISTIAN
2961,KRISTAN
2962,KIZZY
2963,KIRSTIN
2964,KIMBERELY
2965,KIARA
2966,KENYATTA
2967,KENNA
2968,KELSIE
2969,KELI
2970,KEIKO
2971,KECIA
2972,KAYLEE
2973,KATHYRN
2974,KATHRYNE
2975,KATHLYN
2976,KATHLENE
2977,KASANDRA
2978,KARRI
2979,KARLENE
2980,KARIE
2981,KARAN
2982,KANDY
2983,KANDICE
2984,KANDI
2985,KANDACE
2986,KACIE
2987,KACI
2988,KACEY
2989,JULISSA
2990,JULIETA
2991,JULIANN
2992,JUDIE
2993,JONNA
2994,JOLYNN
2995,JOI
2996,JOHNETTA
2997,JOETTA
2998,JOANA
2999,JETTIE
3000,JERILYN
3001,JERALDINE
3002,JENNIFFER
3003,JAZMIN
3004,JAUNITA
3005,JANEY
3006,JANENE
3007,JANAE
3008,JAMMIE
3009,JACKELINE
3010,JACINTA
3011,JACALYN
3012,ISELA
3013,IRENA
3014,INGEBORG
3015,INGA
3016,IN
3017,ILONA
3018,ILIANA
3019,IDALIA
3020,HUONG
3021,HULDA
3022,HUI
3023,HORTENSIA
3024,HOA
3025,HETTIE
3026,HEDWIG
3027,GRETTA
3028,GOLDA
3029,GLORY
3030,GLADIS
3031,GISELE
3032,GIOVANNA
3033,GERALYN
3034,GEORGETTA
3035,GEMMA
3036,GAYNELL
3037,FONDA
3038,FLORENE
3039,FIONA
3040,FERNE
3041,FELISA
3042,FELICE
3043,FELICA
3044,FALLON
3045,EVON
3046,EVELIA
3047,EVALYN
3048,EUN
3049,EUGENIE
3050,ETHELYN
3051,ESTRELLA
3052,ENEDINA
3053,EMOGENE
3054,EMELIA
3055,ELVERA
3056,ELNA
3057,ELMIRA
3058,ELFRIEDE
3059,ELEANORA
3060,ELDORA
3061,ELANA
3062,EDEN
3063,EDELMIRA
3064,EDA
3065,EBONI
3066,EARTHA
3067,DORTHEA
3068,DOROTHA
3069,DOMENICA
3070,DESIRAE
3071,DENNA
3072,DENEEN
3073,DEMETRA
3074,DELPHIA
3075,DELORA
3076,DEDRA
3077,DEBBRA
3078,DEB
3079,DAVINA
3080,DAVIDA
3081,DARLINE
3082,DARCIE
3083,DANYELLE
3084,DANNIELLE
3085,DANIELE
3086,DANICA
3087,DANI
3088,CYTHIA
3089,CYNDI
3090,CRISTIN
3091,CRISTI
3092,CORRINA
3093,CORENE
3094,CORAZON
3095,CLETA
3096,CLARIBEL
3097,CINDA
3098,CIERRA
3099,CIARA
3100,CHUN
3101,CHRISTIANE
3102,CHRISTIANA
3103,CHRISTENE
3104,CHRISTEL
3105,CHEYENNE
3106,CHERRIE
3107,CHERRI
3108,CHERISE
3109,CHAROLETTE
3110,CHARLETTE
3111,CHARISSA
3112,CHANTELLE
3113,CHANA
3114,CECILY
3115,CATHI
3116,CASSIDY
3117,CARRI
3118,CARON
3119,CAROLYNN
3120,CAROLANN
3121,CARMA
3122,CARLYN
3123,CARLOTA
3124,CARIN
3125,CANDIS
3126,CANDANCE
3127,CAMI
3128,BUFFY
3129,BREE
3130,BREANNE
3131,BRANDEE
3132,BOBBYE
3133,BERENICE
3134,BEA
3135,BARBIE
3136,BAILEY
3137,AYESHA
3138,AWILDA
3139,AUREA
3140,AUDRY
3141,ASHLY
3142,ASHLIE
3143,ASHELY
3144,ASHA
3145,ARLETTE
3146,ARIELLE
3147,ARCELIA
3148,ANTONINA
3149,ANNELIESE
3150,ANNABEL
3151,ANITRA
3152,ANIKA
3153,ANGLEA
3154,ANGELLA
3155,ANASTACIA
3156,AMERICA
3157,AMADA
3158,ALYSIA
3159,ALYCIA
3160,ALMEDA
3161,ALIDA
3162,ALEXIA
3163,ALETHEA
3164,ALENA
3165,ALBERTINE
3166,ALBERTHA
3167,AJA
3168,AGUSTINA
3169,AFTON
3170,ADRIA
3171,ADINA
3172,ADELLE
3173,ADELLA
3174,ADELIA
3175,ZULEMA
3176,ZOFIA
3177,ZITA
3178,YUN
3179,YUKO
3180,YUKIKO
3181,YOLANDO
3182,YOLANDE
3183,YING
3184,YI
3185,YEN
3186,YEE
3187,YANIRA
3188,YANG
3189,YAN
3190,WONDA
3191,WILLIA
3192,WILLETTE
3193,WEI
3194,WALTRAUD
3195,WAI
3196,VIVIENNE
3197,VIVIEN
3198,VIVAN
3199,VIOLETTE
3200,VINNIE
3201,VINCENZA
3202,VETA
3203,VERSIE
3204,VERNETTA
3205,VERLIE
3206,VERLENE
3207,VERENA
3208,VERDIE
3209,VERDELL
3210,VEOLA
3211,VENICE
3212,VENA
3213,VELVET
3214,VELLA
3215,VANNESSA
3216,VANITA
3217,VANESA
3218,VANDA
3219,VALLIE
3220,VALERY
3221,VALDA
3222,USHA
3223,TYESHA
3224,TWANA
3225,TUYET
3226,TRULA
3227,TRUDIE
3228,TRUDI
3229,TRINITY
3230,TRANG
3231,TOWANDA
3232,TOSHIKO
3233,TONIE
3234,TONDA
3235,TOMOKO
3236,TOMIKA
3237,TINY
3238,TIESHA
3239,TIANNA
3240,THU
3241,THRESA
3242,THOMASINE
3243,THERESIA
3244,THEOLA
3245,THAO
3246,THALIA
3247,TESHA
3248,TERRESA
3249,TEREASA
3250,TEQUILA
3251,TENNILLE
3252,TENNIE
3253,TEMEKA
3254,TAWNY
3255,TASHIA
3256,TARAH
3257,TANNA
3258,TANJA
3259,TAMMARA
3260,TAMICA
3261,TAMESHA
3262,TAMEKIA
3263,TAMEIKA
3264,TAMALA
3265,TAM
3266,TALITHA
3267,TALISHA
3268,TAKISHA
3269,TABETHA
3270,SYREETA
3271,SYNTHIA
3272,SUZANN
3273,SUK
3274,SUELLEN
3275,SUEANN
3276,SUDIE
3277,STEPHANE
3278,STEFFANIE
3279,STEFANIA
3280,SPRING
3281,SORAYA
3282,SOOK
3283,SOO
3284,SONG
3285,SOMMER
3286,SOLANGE
3287,SO
3288,SLYVIA
3289,SKYE
3290,SINDY
3291,SILVANA
3292,SILVA
3293,SIGNE
3294,SHU
3295,SHOSHANA
3296,SHONNA
3297,SHONA
3298,SHIRLEEN
3299,SHIRA
3300,SHERY
3301,SHERRELL
3302,SHERLYN
3303,SHERLY
3304,SHERLEY
3305,SHENITA
3306,SHEMIKA
3307,SHELBA
3308,SHELA
3309,SHEILAH
3310,SHEA
3311,SHAWNNA
3312,SHAWNEE
3313,SHAWNDA
3314,SHAWANA
3315,SHAVONNE
3316,SHAVON
3317,SHAUNNA
3318,SHARYL
3319,SHARLEEN
3320,SHARITA
3321,SHANICE
3322,SHANELLE
3323,SHANEKA
3324,SHAKIRA
3325,SHA
3326,SERINA
3327,SELENE
3328,SEBRINA
3329,SCARLET
3330,SAVANNA
3331,SARINA
3332,SARI
3333,SANTINA
3334,SANTANA
3335,SANORA
3336,SAMIRA
3337,SAMARA
3338,SALOME
3339,SALENA
3340,SACHIKO
3341,RUBIE
3342,ROZELLA
3343,ROSIA
3344,ROSANN
3345,ROSANA
3346,ROSAMOND
3347,RONNI
3348,RONI
3349,ROMELIA
3350,ROMAINE
3351,ROCHELL
3352,RISA
3353,RIKKI
3354,RETTA
3355,RENETTA
3356,REMEDIOS
3357,REIKO
3358,REGENIA
3359,REGENA
3360,REDA
3361,REBBECCA
3362,REBBECA
3363,REATHA
3364,RAYNA
3365,RAYLENE
3366,RAYE
3367,RASHEEDA
3368,RANDEE
3369,RANAE
3370,RANA
3371,RAMONITA
3372,RAINA
3373,RAEANN
3374,RACHELL
3375,RACHELE
3376,QUIANA
3377,QUEENIE
3378,QIANA
3379,PORSHA
3380,PIPER
3381,PIEDAD
3382,PIA
3383,PETRINA
3384,PENNI
3385,PENNEY
3386,PEARLENE
3387,PEARLE
3388,PAULETTA
3389,PATRINA
3390,PATIENCE
3391,PARTICIA
3392,PANDORA
3393,PAMELLA
3394,PAMELIA
3395,OZELLA
3396,OSSIE
3397,ONEIDA
3398,OMEGA
3399,OLYMPIA
3400,ODILIA
3401,OBDULIA
3402,NYLA
3403,NORAH
3404,NOMA
3405,NOELLA
3406,NIKOLE
3407,NIKIA
3408,NIEVES
3409,NICOLLE
3410,NICOL
3411,NICKOLE
3412,NICKIE
3413,NGOC
3414,NGA
3415,NETA
3416,NERISSA
3417,NEOMA
3418,NELIA
3419,NATOSHA
3420,NARCISA
3421,NAOMA
3422,NANCIE
3423,NANA
3424,NAKITA
3425,MYUNG
3426,MYRTIE
3427,MYRLE
3428,MUI
3429,MOZELLA
3430,MONSERRATE
3431,MIRTHA
3432,MIREILLE
3433,MINNA
3434,MIN
3435,MILAGRO
3436,MILA
3437,MIKKI
3438,MIKA
3439,MIGUELINA
3440,MICKI
3441,MICHIKO
3442,MICHELINE
3443,MERRI
3444,MERNA
3445,MERLENE
3446,MERILYN
3447,MERIDITH
3448,MERI
3449,MELYNDA
3450,MELLIE
3451,MELISSIA
3452,MELANY
3453,MELAINE
3454,MEGHANN
3455,MEGGAN
3456,MCKENZIE
3457,MAYE
3458,MAYBELL
3459,MATHILDE
3460,MASAKO
3461,MARYAM
3462,MARYALICE
3463,MARYA
3464,MARQUETTA
3465,MARNI
3466,MARNA
3467,MARLEN
3468,MARLEEN
3469,MARLANA
3470,MARKITA
3471,MARILU
3472,MARIEL
3473,MARGURITE
3474,MARGUERITA
3475,MARGORIE
3476,MARGIT
3477,MARGET
3478,MARGERET
3479,MARGART
3480,MARGARITE
3481,MARGARETTA
3482,MARGARETT
3483,MARGARETA
3484,MAREN
3485,MARCELINE
3486,MAPLE
3487,MANDA
3488,MANA
3489,MAMMIE
3490,MALISA
3491,MALIKA
3492,MAIDA
3493,MAIA
3494,MAGEN
3495,MAGDALEN
3496,MAGARET
3497,MAGAN
3498,MAGALY
3499,MADLYN
3500,MADIE
3501,MADALYN
3502,MADALINE
3503,MACY
3504,MACIE
3505,LYNSEY
3506,LYNELLE
3507,LYNELL
3508,LUVENIA
3509,LURLINE
3510,LUNA
3511,LUISE
3512,LUDIE
3513,LUCRECIA
3514,LUCINA
3515,LOYCE
3516,LOVELLA
3517,LOUVENIA
3518,LOUANNE
3519,LORY
3520,LORIANN
3521,LOREE
3522,LORE
3523,LONNA
3524,LONI
3525,LOMA
3526,LOIDA
3527,LOAN
3528,LIVIA
3529,LISHA
3530,LISBETH
3531,LING
3532,LILLA
3533,LILI
3534,LIGIA
3535,LIEN
3536,LIBRADA
3537,LIBERTY
3538,LEZLIE
3539,LEXIE
3540,LETTY
3541,LESIA
3542,LERA
3543,LEONORE
3544,LEONILA
3545,LEONIE
3546,LEONARDA
3547,LENNA
3548,LEIGHANN
3549,LEEANNE
3550,LEEANNA
3551,LEANA
3552,LE
3553,LAYLA
3554,LAWANNA
3555,LAWANA
3556,LAVONIA
3557,LAVERNA
3558,LAVERA
3559,LAURINE
3560,LAURICE
3561,LAURE
3562,LAUNA
3563,LATRINA
3564,LATORIA
3565,LATICIA
3566,LATIA
3567,LATESHA
3568,LATASHIA
3569,LASHUNDA
3570,LASANDRA
3571,LARONDA
3572,LARISA
3573,LARHONDA
3574,LARAINE
3575,LARAE
3576,LANELL
3577,LAILA
3578,LADY
3579,KYMBERLY
3580,KYM
3581,KRYSTA
3582,KRISTEL
3583,KOURTNEY
3584,KINDRA
3585,KIMIKO
3586,KIMBERY
3587,KIMBERLIE
3588,KIMBERLI
3589,KIMBER
3590,KILEY
3591,KIESHA
3592,KIERA
3593,KIANA
3594,KENYETTA
3595,KENISHA
3596,KENA
3597,KELLYE
3598,KELLEE
3599,KELLE
3600,KEESHA
3601,KEENA
3602,KAZUKO
3603,KAYLENE
3604,KAYLEIGH
3605,KAYLEEN
3606,KATTIE
3607,KATRICE
3608,KATLYN
3609,KATIA
3610,KATI
3611,KATHEY
3612,KATHERN
3613,KATHERIN
3614,KATHE
3615,KATHARINA
3616,KATHALEEN
3617,KASSIE
3618,KASIE
3619,KARYL
3620,KARREN
3621,KARMEN
3622,KARMA
3623,KARLEEN
3624,KARINE
3625,KAREY
3626,KAM
3627,KALI
3628,KALEY
3629,KACY
3630,JUTTA
3631,JUNITA
3632,JULIENNE
3633,JULIANE
3634,JULEE
3635,JOYE
3636,JOSLYN
3637,JOSELYN
3638,JONELLE
3639,JONELL
3640,JONA
3641,JOLIE
3642,JOLANDA
3643,JOHANA
3644,JOELLA
3645,JOEANN
3646,JODEE
3647,JINA
3648,JIN
3649,JESUSA
3650,JESSI
3651,JESSENIA
3652,JESENIA
3653,JENNEFER
3654,JENISE
3655,JENINE
3656,JENICE
3657,JENI
3658,JENETTE
3659,JENELL
3660,JEN
3661,JEANENE
3662,JAZMINE
3663,JANN
3664,JANITA
3665,JANETTA
3666,JANETT
3667,JANETH
3668,JANESSA
3669,JANAY
3670,JALEESA
3671,JADWIGA
3672,JACQULYN
3673,JACQUILINE
3674,JACQUELYNN
3675,JACQUELYNE
3676,JACQUALINE
3677,JACKI
3678,IVANA
3679,ISIS
3680,ISIDRA
3681,ISAURA
3682,ISA
3683,IRMGARD
3684,IRISH
3685,IRINA
3686,INOCENCIA
3687,INGER
3688,INELL
3689,INDIRA
3690,ILUMINADA
3691,ILDA
3692,ILANA
3693,IGNACIA
3694,IESHA
3695,IDELL
3696,HYUN
3697,HYON
3698,HYE
3699,HYACINTH
3700,HONEY
3701,HOLLEY
3702,HIROKO
3703,HILMA
3704,HILDRED
3705,HILDEGARDE
3706,HILDE
3707,HILARIA
3708,HERMINE
3709,HERMINA
3710,HENRIETTE
3711,HEIDE
3712,HEE
3713,HEDY
3714,HARMONY
3715,HANNELORE
3716,HANH
3717,HANA
3718,HALINA
3719,HAE
3720,HA
3721,GWYN
3722,GWENN
3723,GWENDA
3724,GUDRUN
3725,GRACIA
3726,GLYNDA
3727,GLINDA
3728,GLENNIS
3729,GLENNIE
3730,GLENDORA
3731,GLADY
3732,GIGI
3733,GIA
3734,GERTRUD
3735,GERTHA
3736,GEORGINE
3737,GEORGENE
3738,GENNIE
3739,GENIE
3740,GENIA
3741,GEARLDINE
3742,GAYLENE
3743,GARNETT
3744,GABRIELE
3745,FUMIKO
3746,FREEDA
3747,FREDIA
3748,FREDERICKA
3749,FREDERICA
3750,FRANCOISE
3751,FRANCINA
3752,FRANCIE
3753,FRANCE
3754,FLORINDA
3755,FLORETTA
3756,FLORENTINA
3757,FLORENCIA
3758,FLORANCE
3759,FLO
3760,FLAVIA
3761,FERNANDA
3762,FE
3763,FAUSTINA
3764,FARAH
3765,FAE
3766,EXIE
3767,EVELYNE
3768,EVELINE
3769,EVELINA
3770,EVELIN
3771,ETHYL
3772,ETHELENE
3773,ESTELL
3774,ESTA
3775,ERMINIA
3776,ERMELINDA
3777,ERLINE
3778,ERLENE
3779,ERINN
3780,EPIFANIA
3781,ENOLA
3782,ENEIDA
3783,EMMY
3784,EMMIE
3785,EMILEE
3786,EMIKO
3787,EMELDA
3788,EMA
3789,ELVINA
3790,ELVIE
3791,ELSE
3792,ELOIS
3793,ELODIA
3794,ELLYN
3795,ELLY
3796,ELKE
3797,ELIZBETH
3798,ELICIA
3799,ELIANA
3800,ELENORA
3801,ELENI
3802,ELEASE
3803,ELAYNE
3804,ELANOR
3805,EDDA
3806,ECHO
3807,EARLEEN
3808,EARLEAN
3809,DYAN
3810,DUNG
3811,DRUSILLA
3812,DRUCILLA
3813,DREMA
3814,DREAMA
3815,DOT
3816,DORINE
3817,DORIE
3818,DORATHY
3819,DONYA
3820,DONETTA
3821,DOMONIQUE
3822,DOMINQUE
3823,DOLORIS
3824,DIONNA
3825,DIONE
3826,DIMPLE
3827,DIGNA
3828,DIEDRE
3829,DIEDRA
3830,DIAMOND
3831,DEVORAH
3832,DEVORA
3833,DEVONA
3834,DETRA
3835,DESIRE
3836,DENNISE
3837,DENITA
3838,DENISHA
3839,DENESE
3840,DEMETRICE
3841,DELTA
3842,DELPHA
3843,DELL
3844,DELISA
3845,DELINDA
3846,DELICIA
3847,DELENA
3848,DELANA
3849,DEEANN
3850,DEBROAH
3851,DEBBI
3852,DEANE
3853,DEANDRA
3854,DAYLE
3855,DAWNE
3856,DARBY
3857,DAPHINE
3858,DANUTA
3859,DANNETTE
3860,DANIKA
3861,DANIA
3862,DANAE
3863,DALILA
3864,DAISEY
3865,DAHLIA
3866,DAGMAR
3867,CRISTIE
3868,CRISTEN
3869,CRISTA
3870,CRISSY
3871,CRISELDA
3872,CORLISS
3873,CORIE
3874,CORETTA
3875,COREEN
3876,CORDIE
3877,CONSUELA
3878,CONCHITA
3879,COLLEN
3880,COLETTA
3881,CLOTILDE
3882,CLEORA
3883,CLEOPATRA
3884,CLEMMIE
3885,CLEMENTINA
3886,CLARITA
3887,CLARINE
3888,CIERA
3889,CICELY
3890,CHRISTENA
3891,CHRISTEEN
3892,CHIN
3893,CHERYLL
3894,CHERRYL
3895,CHERISH
3896,CHAYA
3897,CHAU
3898,CHARISE
3899,CHANTELL
3900,CHANTE
3901,CELINE
3902,CELESTINA
3903,CELENA
3904,CECILA
3905,CATHEY
3906,CATERINA
3907,CATARINA
3908,CASIE
3909,CAROLYNE
3910,CARMON
3911,CARMELINA
3912,CARLINE
3913,CARLIE
3914,CARLEY
3915,CARLETTA
3916,CARISA
3917,CARIE
3918,CAPRICE
3919,CANDYCE
3920,CANDIE
3921,CAMMIE
3922,CAMELIA
3923,BRYNN
3924,BRUNILDA
3925,BRONWYN
3926,BRITTNI
3927,BRITNI
3928,BRITANY
3929,BRINDA
3930,BRIGIDA
3931,BRIGID
3932,BRANDA
3933,BLYTHE
3934,BIRGIT
3935,BILLYE
3936,BEVERLEE
3937,BEV
3938,BETSEY
3939,BETHEL
3940,BETHANN
3941,BERNETTA
3942,BERNEICE
3943,BELIA
3944,BECKIE
3945,BARBERA
3946,BARBAR
3947,BABETTE
3948,BABARA
3949,AZUCENA
3950,AYANNA
3951,AYANA
3952,AVELINA
3953,AUNDREA
3954,AUGUSTINA
3955,AUDREA
3956,AUDIE
3957,ASUNCION
3958,ASSUNTA
3959,ASHLYN
3960,ASHLI
3961,ARVILLA
3962,ARNITA
3963,ARNETTA
3964,ARMINDA
3965,ARMANDA
3966,ARLETTA
3967,ARLENA
3968,ARLA
3969,ARIE
3970,ARIANNA
3971,ARIANE
3972,ARDELLA
3973,ARDELL
3974,ARACELIS
3975,APRYL
3976,ANYA
3977,ANTONIETTA
3978,ANNIS
3979,ANNICE
3980,ANNETT
3981,ANNAMAE
3982,ANNALISA
3983,ANNALEE
3984,ANNABELL
3985,ANJANETTE
3986,ANGLE
3987,ANGELIKA
3988,ANGELIC
3989,ANGELES
3990,ANGELENA
3991,ANGELE
3992,ANETTE
3993,ANDREE
3994,AMMIE
3995,AMINA
3996,ALYSHA
3997,ALYSE
3998,ALVERA
3999,ALTHA
4000,ALMETA
4001,ALLINE
4002,ALLEGRA
4003,ALLA
4004,ALIZA
4005,ALIX
4006,ALISIA
4007,ALISHIA
4008,ALISE
4009,ALICA
4010,ALIA
4011,ALETHIA
4012,ALEJANDRINA
4013,ALEIDA
4014,ALBERTINA
4015,AKIKO
4016,ADRIENE
4017,ADALINE
4018,ZONIA
4019,ZETTA
4020,ZENIA
4021,ZANA
4022,ZADA
4023,YVONE
4024,YURIKO
4025,YURI
4026,YUONNE
4027,YUNG
4028,YULANDA
4029,YUKI
4030,YUK
4031,YUETTE
4032,YOULANDA
4033,YOSHIE
4034,YON
4035,YEVETTE
4036,YESSENIA
4037,YER
4038,YELENA
4039,YASUKO
4040,YASMINE
4041,YAJAIRA
4042,YAHAIRA
4043,YAEL
4044,YAEKO
4045,XUAN
4046,XOCHITL
4047,XIAO
4048,XENIA
4049,WYNELL
4050,WINTER
4051,WILLOW
4052,WILLODEAN
4053,WILLIEMAE
4054,WILLETTA
4055,WILLENA
4056,WILHEMINA
4057,WHITLEY
4058,WENONA
4059,WENDOLYN
4060,WENDIE
4061,WEN
4062,WAVA
4063,WANETTA
4064,WANETA
4065,WAN
4066,VONCILE
4067,VIRGEN
4068,VINITA
4069,VIKI
4070,VICTORINA
4071,VI
4072,VERTIE
4073,VERONIQUE
4074,VERONIKA
4075,VERNIA
4076,VERLINE
4077,VENNIE
4078,VENETTA
4079,VASILIKI
4080,VASHTI
4081,VANNESA
4082,VANNA
4083,VANIA
4084,VANETTA
4085,VALRIE
4086,VALERI
4087,VALENE
4088,UTE
4089,UN
4090,ULRIKE
4091,ULA
4092,TYNISHA
4093,TYISHA
4094,TWANNA
4095,TWANDA
4096,TULA
4097,TU
4098,TRINH
4099,TREENA
4100,TREASA
4101,TRAN
4102,TOVA
4103,TOSHIA
4104,TORRIE
4105,TORRI
4106,TORIE
4107,TORA
4108,TONITA
4109,TONISHA
4110,TONETTE
4111,TONA
4112,TOMMYE
4113,TOMIKO
4114,TOMI
4115,TOI
4116,TOCCARA
4117,TOBIE
4118,TOBI
4119,TISH
4120,TISA
4121,TINISHA
4122,TIMIKA
4123,TILDA
4124,TIJUANA
4125,TIFFANEY
4126,TIFANY
4127,TIERA
4128,TIEN
4129,THORA
4130,THOMASENA
4131,THI
4132,THERESSA
4133,TERRILYN
4134,TERISA
4135,TERINA
4136,TERICA
4137,TERESIA
4138,TEOFILA
4139,TENESHA
4140,TEMPLE
4141,TEMPIE
4142,TEMIKA
4143,TELMA
4144,TEISHA
4145,TEGAN
4146,TAYNA
4147,TAWNA
4148,TAUNYA
4149,TATYANA
4150,TATUM
4151,TASIA
4152,TASHINA
4153,TARRA
4154,TARI
4155,TAREN
4156,TANEKA
4157,TANDY
4158,TANDRA
4159,TAMMERA
4160,TAMISHA
4161,TAMBRA
4162,TAMA
4163,TAKAKO
4164,TAJUANA
4165,TAISHA
4166,TAINA
4167,TAI
4168,TA
4169,SYLVIE
4170,SVETLANA
4171,SUZI
4172,SUSY
4173,SUNNI
4174,SUNDAY
4175,SUMIKO
4176,SULEMA
4177,SUANNE
4178,STEPHNIE
4179,STEPHANIA
4180,STEPANIE
4181,STEFANY
4182,STASIA
4183,STACEE
4184,SPARKLE
4185,SONA
4186,SOMER
4187,SOILA
4188,SIXTA
4189,SIU
4190,SIRENA
4191,SINA
4192,SIMONNE
4193,SIMA
4194,SHYLA
4195,SHONTA
4196,SHONDRA
4197,SHIZUKO
4198,SHIZUE
4199,SHIRL
4200,SHIRELY
4201,SHIN
4202,SHILOH
4203,SHILA
4204,SHERYLL
4205,SHERRIL
4206,SHERLENE
4207,SHERISE
4208,SHERILL
4209,SHERIKA
4210,SHERIDAN
4211,SHERICE
4212,SHERELL
4213,SHERA
4214,SHENNA
4215,SHENIKA
4216,SHEMEKA
4217,SHELLA
4218,SHEBA
4219,SHAWNTA
4220,SHAWANNA
4221,SHAVONDA
4222,SHAUNTE
4223,SHAUNTA
4224,SHAUNDA
4225,SHARRI
4226,SHAROLYN
4227,SHARMAINE
4228,SHARILYN
4229,SHARIKA
4230,SHARIE
4231,SHARICE
4232,SHARELL
4233,SHARDA
4234,SHARAN
4235,SHAQUITA
4236,SHAQUANA
4237,SHANTI
4238,SHANTELLE
4239,SHANTAY
4240,SHANTAE
4241,SHANIQUA
4242,SHANEL
4243,SHANDI
4244,SHANAE
4245,SHAN
4246,SHALON
4247,SHALANDA
4248,SHALA
4249,SHAKITA
4250,SHAKIA
4251,SHAE
4252,SETSUKO
4253,SERITA
4254,SERAFINA
4255,SEPTEMBER
4256,SENAIDA
4257,SENA
4258,SEEMA
4259,SEE
4260,SEASON
4261,SAU
4262,SATURNINA
4263,SARAN
4264,SARAI
4265,SANDIE
4266,SANDEE
4267,SANDA
4268,SANA
4269,SAMELLA
4270,SALLEY
4271,SAGE
4272,SADYE
4273,SACHA
4274,RYANN
4275,RUTHE
4276,RUTHANNE
4277,RUTHA
4278,RUBI
4279,ROZANNE
4280,ROXY
4281,ROSY
4282,ROSSIE
4283,ROSSANA
4284,ROSIO
4285,ROSETTE
4286,ROSENDA
4287,ROSENA
4288,ROSELLE
4289,ROSELINE
4290,ROSELIA
4291,ROSELEE
4292,ROSAMARIA
4293,ROLANDE
4294,ROCHEL
4295,ROBENA
4296,ROBBYN
4297,ROBBI
4298,RIVKA
4299,RIVA
4300,RIMA
4301,RICKI
4302,RICARDA
4303,RIA
4304,RHONA
4305,RHEBA
4306,REYNALDA
4307,RESSIE
4308,RENNA
4309,RENDA
4310,RENAY
4311,REMONA
4312,REMA
4313,REITA
4314,REGINIA
4315,REGINE
4316,REFUGIA
4317,REENA
4318,REBECKA
4319,REANNA
4320,REAGAN
4321,REA
4322,RAYMONDE
4323,RANEE
4324,RAISA
4325,RAGUEL
4326,RAELENE
4327,RACHAL
4328,QUYEN
4329,PURA
4330,PROVIDENCIA
4331,PRISCILA
4332,PORSCHE
4333,POK
4334,PING
4335,PHYLICIA
4336,PHUNG
4337,PHEBE
4338,PETRONILA
4339,PEI
4340,PEG
4341,PEARLY
4342,PAZ
4343,PAULITA
4344,PAULENE
4345,PATRIA
4346,PASTY
4347,PARTHENIA
4348,PAMULA
4349,PAMILA
4350,PALMIRA
4351,PA
4352,OZIE
4353,OZELL
4354,OTELIA
4355,ORETHA
4356,ORALEE
4357,ONITA
4358,ONIE
4359,OLINDA
4360,OLIMPIA
4361,OLEVIA
4362,OLENE
4363,ODELIA
4364,ODA
4365,NUBIA
4366,NU
4367,NORIKO
4368,NOHEMI
4369,NOBUKO
4370,NISHA
4371,NIESHA
4372,NIDA
4373,NICHOLLE
4374,NGUYET
4375,NGAN
4376,NEVADA
4377,NERY
4378,NEOMI
4379,NENITA
4380,NEIDA
4381,NEELY
4382,NEDA
4383,NECOLE
4384,NATISHA
4385,NATASHIA
4386,NATALYA
4387,NATACHA
4388,NANCEY
4389,NANCEE
4390,NAM
4391,NAKESHA
4392,NAIDA
4393,NADENE
4394,
4395,MYRTA
4396,MYRL
4397,MYESHA
4398,MUOI
4399,MORIAH
4400,MORA
4401,MOON
4402,MONNIE
4403,MONET
4404,MIYOKO
4405,MITZIE
4406,MITSUKO
4407,MITSUE
4408,MISTIE
4409,MISS
4410,MISHA
4411,MIRELLA
4412,MINTA
4413,MING
4414,MINDA
4415,MILLY
4416,MILDA
4417,MIKI
4418,MIKAELA
4419,MIGNON
4420,MIESHA
4421,MICHELINA
4422,MICHAELE
4423,MICHA
4424,MICA
4425,MERTIE
4426,MERRILEE
4427,MERRIE
4428,MERLYN
4429,MERISSA
4430,MERIDETH
4431,MERCEDEZ
4432,MENDY
4433,MELODI
4434,MELODEE
4435,MELITA
4436,MELIDA
4437,MELIA
4438,MELDA
4439,MELANIA
4440,MELANI
4441,MEDA
4442,MAYOLA
4443,MAXIMINA
4444,MAXIMA
4445,MAURITA
4446,MATHA
4447,MARYROSE
4448,MARYLYNN
4449,MARYLOUISE
4450,MARYLN
4451,MARYLAND
4452,MARYETTA
4453,MARYBELLE
4454,MARYANNA
4455,MARX
4456,MARVIS
4457,MARVELLA
4458,MARTH
4459,MARQUITTA
4460,MARLINE
4461,MARKETTA
4462,MARIVEL
4463,MARISHA
4464,MARIS
4465,MARINE
4466,MARINDA
4467,MARIN
4468,MARIKO
4469,MARIETTE
4470,MARIELLE
4471,MARIELLA
4472,MARICRUZ
4473,MARICA
4474,MARIANELA
4475,MARHTA
4476,MARGY
4477,MARGRETT
4478,MARGHERITA
4479,MARGERT
4480,MARGENE
4481,MARG
4482,MARDELL
4483,MARCHELLE
4484,MARCENE
4485,MARCELL
4486,MARCELENE
4487,MARAGRET
4488,MARAGARET
4489,MAO
4490,MANY
4491,MANIE
4492,MANDIE
4493,MALVINA
4494,MALORIE
4495,MALLIE
4496,MALKA
4497,MALENA
4498,MAKEDA
4499,MAISIE
4500,MAISHA
4501,MAIRE
4502,MAILE
4503,MAHALIA
4504,MAGALI
4505,MAFALDA
4506,MADELENE
4507,MADELAINE
4508,MADDIE
4509,MADALENE
4510,MABELLE
4511,LYNNA
4512,LYNETTA
4513,LYNDIA
4514,LURLENE
4515,LUETTA
4516,LUDIVINA
4517,LUCILLA
4518,LUCI
4519,LUBA
4520,LUANNA
4521,LOVETTA
4522,LOVE
4523,LOURIE
4524,LOURA
4525,LOUETTA
4526,LORRINE
4527,LORRIANE
4528,LORITA
4529,LORIS
4530,LORINA
4531,LORILEE
4532,LORIA
4533,LORETTE
4534,LORETA
4535,LOREAN
4536,LORALEE
4537,LONDA
4538,LOISE
4539,LIZZETTE
4540,LIZETH
4541,LISANDRA
4542,LISABETH
4543,LINN
4544,LINDSY
4545,LILLIANA
4546,LILLIAM
4547,LILLIA
4548,LILLI
4549,LIESELOTTE
4550,LIBBIE
4551,LIANNE
4552,LETISHA
4553,LESHA
4554,LEONTINE
4555,LEONIDA
4556,LEONIA
4557,LEOMA
4558,LENITA
4559,LELAH
4560,LEKISHA
4561,LEISHA
4562,LEIGHA
4563,LEIDA
4564,LEIA
4565,LEENA
4566,LECIA
4567,LEANORA
4568,LEAN
4569,LAYNE
4570,LAVONNA
4571,LAVONE
4572,LAVONA
4573,LAVETTE
4574,LAVETA
4575,LAVENIA
4576,LAVELLE
4577,LAURYN
4578,LAURINDA
4579,LAURENA
4580,LAURAN
4581,LAURALEE
4582,LATRISHA
4583,LATOYIA
4584,LATINA
4585,LATARSHA
4586,LASONYA
4587,LASHON
4588,LASHELL
4589,LASHAY
4590,LASHAWNDA
4591,LASHAWNA
4592,LASHAUNDA
4593,LASHAUN
4594,LASHANDRA
4595,LARRAINE
4596,LARITA
4597,LAREE
4598,LAQUANDA
4599,LANORA
4600,LANNIE
4601,LANIE
4602,LANG
4603,LANELLE
4604,LAMONICA
4605,LALA
4606,LAKITA
4607,LAKIESHA
4608,LAKIA
4609,LAKENYA
4610,LAKENDRA
4611,LAKEESHA
4612,LAJUANA
4613,LAINE
4614,LAHOMA
4615,LAEL
4616,LADAWN
4617,LACRESHA
4618,LACHELLE
4619,KYOKO
4620,KRYSTINA
4621,KRYSTIN
4622,KRYSTEN
4623,KRISTLE
4624,KRISTEEN
4625,KRISSY
4626,KRISHNA
4627,KORTNEY
4628,KLARA
4629,KIZZIE
4630,KIYOKO
4631,KITTIE
4632,KIT
4633,KIRSTIE
4634,KINA
4635,KIMI
4636,KIMBRA
4637,KIERSTEN
4638,KHALILAH
4639,KHADIJAH
4640,KEVA
4641,KETURAH
4642,KERSTIN
4643,KEREN
4644,KERA
4645,KENIA
4646,KENDAL
4647,KENDA
4648,KEMBERLY
4649,KELSI
4650,KEITHA
4651,KEIRA
4652,KEILA
4653,KEELEY
4654,KAYCEE
4655,KAYCE
4656,KATHRIN
4657,KATHLINE
4658,KATHERINA
4659,KATHELEEN
4660,KATHARYN
4661,KATERINE
4662,KATELYNN
4663,KATELIN
4664,KASI
4665,KASHA
4666,KARY
4667,KARRY
4668,KAROLINE
4669,KAROLE
4670,KARLYN
4671,KARLY
4672,KARISA
4673,KARIMA
4674,KARENA
4675,KAREEN
4676,KANISHA
4677,KANESHA
4678,KANDRA
4679,KANDIS
4680,KAMILAH
4681,KAMALA
4682,KALYN
4683,KALLIE
4684,KALEIGH
4685,KAILA
4686,KAI
4687,KA
4688,JUSTA
4689,JUNKO
4690,JUNIE
4691,JULIETTA
4692,JULIEANN
4693,JULENE
4694,JULE
4695,JOYA
4696,JOVAN
4697,JOSPHINE
4698,JOSEFINE
4699,JONIE
4700,JONG
4701,JONE
4702,JOLYN
4703,JOLINE
4704,JOIE
4705,JOHNSIE
4706,JOHNETTE
4707,JOHNA
4708,JOHANNE
4709,JOETTE
4710,JOAQUINA
4711,JOANNIE
4712,JOANE
4713,JINNY
4714,JI
4715,JETTA
4716,JESUSITA
4717,JESTINE
4718,JESSIKA
4719,JESSIA
4720,JERRICA
4721,JERLENE
4722,JERICA
4723,JENNINE
4724,JENNELL
4725,JENEVA
4726,JENEE
4727,JENE
4728,JENAE
4729,JEFFIE
4730,JEANNETTA
4731,JEANMARIE
4732,JEANICE
4733,JEANETT
4734,JEANELLE
4735,JAYNA
4736,JAYMIE
4737,JAYE
4738,JAQUELYN
4739,JANYCE
4740,JANUARY
4741,JANNET
4742,JANISE
4743,JANIECE
4744,JANI
4745,JANELLA
4746,JANEE
4747,JANEAN
4748,JAMIKA
4749,JAMEE
4750,JAMA
4751,JALISA
4752,JAIMEE
4753,JACQUIE
4754,JACQUI
4755,JACQUETTA
4756,JACKQUELINE
4757,JACKELYN
4758,JACINDA
4759,JACELYN
4760,JA
4761,IZOLA
4762,IZETTA
4763,IVEY
4764,IVELISSE
4765,ISOBEL
4766,ISADORA
4767,IRAIDA
4768,ILLA
4769,ILEEN
4770,HYO
4771,HWA
4772,HUE
4773,HSIU
4774,HISAKO
4775,HIEN
4776,HIEDI
4777,HERTHA
4778,HERTA
4779,HERMILA
4780,HERMA
4781,HELAINE
4782,HEIKE
4783,HEIDY
4784,HASSIE
4785,HANG
4786,HAN
4787,HALLEY
4788,GWYNETH
4789,GRISEL
4790,GRICELDA
4791,GRAZYNA
4792,GRAYCE
4793,GOLDEN
4794,GLYNIS
4795,GLAYDS
4796,GIUSEPPINA
4797,GITA
4798,GINETTE
4799,GILMA
4800,GILBERTE
4801,GIDGET
4802,GIANNA
4803,GHISLAINE
4804,GERTUDE
4805,GERTRUDIS
4806,GEORGIANNE
4807,GEORGIANN
4808,GEORGEANNA
4809,GEORGEANN
4810,GEORGANN
4811,GENNY
4812,GENNA
4813,GENEVIVE
4814,GENEVIE
4815,GENESIS
4816,GEMA
4817,GAYNELLE
4818,GALINA
4819,GALA
4820,FRIDA
4821,FREDRICKA
4822,FREDDA
4823,FRANSISCA
4824,FRANCHESCA
4825,FRANCENE
4826,FLORRIE
4827,FLORIA
4828,FLETA
4829,FIDELIA
4830,FIDELA
4831,FERNANDE
4832,FERMINA
4833,FELICIDAD
4834,FAVIOLA
4835,FATIMAH
4836,FAIRY
4837,EWA
4838,EVITA
4839,EVIA
4840,EVELYNN
4841,EUSTOLIA
4842,EUSEBIA
4843,EURA
4844,EUNA
4845,EULAH
4846,EUGENA
4847,EUFEMIA
4848,ETTIE
4849,ETSUKO
4850,ETHA
4851,ESTEFANA
4852,ERYN
4853,ENDA
4854,EMMALINE
4855,EMERITA
4856,EMERALD
4857,EMELY
4858,EMELINE
4859,EMELINA
4860,ELZA
4861,ELWANDA
4862,ELSY
4863,ELLI
4864,ELLENA
4865,ELLAN
4866,ELLAMAE
4867,ELIZABET
4868,ELIZ
4869,ELINORE
4870,ELINA
4871,ELIN
4872,ELIDIA
4873,ELFRIEDA
4874,ELFREDA
4875,ELEONORE
4876,ELEONORA
4877,ELEONOR
4878,ELENORE
4879,ELENE
4880,ELANE
4881,ELADIA
4882,ELA
4883,EILENE
4884,EHTEL
4885,EDYTH
4886,EDRIS
4887,EDRA
4888,EBONIE
4889,EARLIE
4890,DWANA
4891,DUSTI
4892,DULCIE
4893,DOTTY
4894,DORTHEY
4895,DORLA
4896,DORIA
4897,DORETTA
4898,DORETHEA
4899,DOREATHA
4900,DONNETTE
4901,DONNETTA
4902,DONETTE
4903,DONELLA
4904,DOMITILA
4905,DOMINICA
4906,DODIE
4907,DIVINA
4908,DINORAH
4909,DIERDRE
4910,DIA
4911,DESPINA
4912,DEONNA
4913,DENYSE
4914,DENISSE
4915,DENAE
4916,DELSIE
4917,DELORSE
4918,DELORAS
4919,DELOISE
4920,DELMY
4921,DELILA
4922,DELCIE
4923,DELAINE
4924,DEJA
4925,DEETTA
4926,DEEDRA
4927,DEEDEE
4928,DEEANNA
4929,DEDE
4930,DEBERA
4931,DEANDREA
4932,DEADRA
4933,DAYSI
4934,DARLENA
4935,DARCEY
4936,DARCEL
4937,DANYELL
4938,DANYEL
4939,DANN
4940,DANILLE
4941,DANIELL
4942,DALENE
4943,DAKOTA
4944,DAINE
4945,DAINA
4946,DAGNY
4947,DACIA
4948,CYRSTAL
4949,CYNDY
4950,CUC
4951,CRYSTLE
4952,CRYSTA
4953,CRIS
4954,CREOLA
4955,CORRINNE
4956,CORRIN
4957,CORDIA
4958,CORALIE
4959,CORALEE
4960,CONTESSA
4961,CONCHA
4962,CONCEPTION
4963,COLLENE
4964,COLENE
4965,CODI
4966,CLORINDA
4967,CLORA
4968,CLEOTILDE
4969,CLEMENCIA
4970,CLELIA
4971,CLAUDIE
4972,CLASSIE
4973,CLARISA
4974,CLARIS
4975,CLARINDA
4976,CLARETTA
4977,CLARETHA
4978,CIRA
4979,CINDIE
4980,CINDERELLA
4981,CHU
4982,CHRISTINIA
4983,CHRISTIA
4984,CHING
4985,CHINA
4986,CHIEKO
4987,CHIA
4988,CHERY
4989,CHERLYN
4990,CHERILYN
4991,CHERELLE
4992,CHEREE
4993,CHERE
4994,CHER
4995,CHASSIDY
4996,CHASIDY
4997,CHARMAIN
4998,CHARLYN
4999,CHARLSIE
5000,CHARLOTT
5001,CHARLESETTA
5002,CHARLENA
5003,CHARITA
5004,CHARIS
5005,CHARA
5006,CHANTAY
5007,CHANELLE
5008,CHANELL
5009,CHAN
5010,CHAE
5011,CEOLA
5012,CELSA
5013,CELINDA
5014,CELESTA
5015,CECILLE
5016,CAYLA
5017,CATRICE
5018,CATHERYN
5019,CATHERN
5020,CATHERINA
5021,CATHERIN
5022,CASSY
5023,CASSONDRA
5024,CASSI
5025,CASSEY
5026,CASSAUNDRA
5027,CASIMIRA
5028,CARYLON
5029,CARRY
5030,CAROYLN
5031,CAROLL
5032,CAROLIN
5033,CAROLA
5034,CARMINA
5035,CARMELIA
5036,CARLITA
5037,CARLI
5038,CARLENA
5039,CARLEE
5040,CARITA
5041,CANDRA
5042,CAMMY
5043,CAMILA
5044,CAMIE
5045,CAMELLIA
5046,CALISTA
5047,CALANDRA
5048,BURMA
5049,BUNNY
5050,BULAH
5051,BULA
5052,BUENA
5053,BRYANNA
5054,BRUNA
5055,BRITTNY
5056,BRITTENY
5057,BRITTANIE
5058,BRITTANEY
5059,BRITTA
5060,BREANN
5061,BREANA
5062,BRANDE
5063,BONG
5064,BOK
5065,BOBETTE
5066,BLOSSOM
5067,BLONDELL
5068,BILLI
5069,BIBI
5070,BEULA
5071,BETTYANN
5072,BETHANIE
5073,BERNARDINE
5074,BERNARDINA
5075,BERNARDA
5076,BERNA
5077,BELL
5078,BELKIS
5079,BEE
5080,BECKI
5081,BEBE
5082,BEAULAH
5083,BEATRIS
5084,BEATA
5085,BASILIA
5086,BARRIE
5087,BARI
5088,BARABARA
5089,BAO
5090,AZZIE
5091,AZALEE
5092,AYAKO
5093,AVRIL
5094,AURORE
5095,AUDRIE
5096,AUDRIA
5097,ASLEY
5098,ASHLEA
5099,ASHANTI
5100,ARNETTE
5101,ARMANDINA
5102,ARLYNE
5103,ARLINDA
5104,ARLETHA
5105,ARLEAN
5106,ARICA
5107,ARIANNE
5108,ARGENTINA
5109,ARGELIA
5110,ARDELLE
5111,ARDELIA
5112,ARDATH
5113,ARA
5114,APOLONIA
5115,ANTONETTA
5116,ANNITA
5117,ANNIKA
5118,ANNELLE
5119,ANNAMARIA
5120,ANJELICA
5121,ANJA
5122,ANISHA
5123,ANISA
5124,ANGLA
5125,ANGILA
5126,ANGELYN
5127,ANDERA
5128,ANAMARIA
5129,ANALISA
5130,AN
5131,AMIRA
5132,AMIEE
5133,AMEE
5134,AMBERLY
5135,AMAL
5136,ALYSA
5137,ALVERTA
5138,ALONA
5139,ALLYN
5140,ALLENA
5141,ALLEEN
5142,ALITA
5143,ALFREDIA
5144,ALESSANDRA
5145,ALESHIA
5146,ALEISHA
5147,ALEEN
5148,ALEASE
5149,ALAYNA
5150,ALANE
5151,ALAINE
5152,AKILAH
5153,AILENE
5154,AIKO
5155,AIDE
5156,AI
5157,AGUEDA
5158,AGRIPINA
5159,AGNUS
5160,ADRIEN
5161,ADENA
5162,ADAH
